,Loss_mae,Threshold,Anomaly
2013-12-13 21:02:30,0.016274512956971958,0.03518939953769464,False
2013-12-15 04:47:06,0.01152591486522032,0.03518939953769464,False
2013-12-15 15:37:55,0.013053057692581183,0.03518939953769464,False
2013-12-15 21:58:12,0.01423685869093536,0.03518939953769464,False
2013-12-22 02:49:28,0.011064322516428776,0.03518939953769464,False
2013-12-22 09:08:01,0.011242668283350798,0.03518939953769464,False
2013-12-27 04:56:08,0.007056248178375179,0.03518939953769464,False
2013-12-28 19:18:16,0.0204352295891679,0.03518939953769464,False
2013-12-29 03:09:37,0.013804765612156827,0.03518939953769464,False
2013-12-29 18:37:27,0.014849621980612659,0.03518939953769464,False
2013-12-31 07:49:04,0.00437542764966784,0.03518939953769464,False
2014-01-03 17:17:31,0.008972847762295,0.03518939953769464,False
2014-01-08 14:50:37,0.007475925668429917,0.03518939953769464,False
2014-01-09 15:44:34,0.005896437426491341,0.03518939953769464,False
2014-01-10 02:14:37,0.00941378855749827,0.03518939953769464,False
2014-01-10 16:21:47,0.008732293299530897,0.03518939953769464,False
2014-01-12 13:53:47,0.01157809274041765,0.03518939953769464,False
2014-01-13 17:08:11,0.0110909308323274,0.03518939953769464,False
2014-01-14 00:47:02,0.012467671591021124,0.03518939953769464,False
2014-01-15 15:23:42,0.006909060331841477,0.03518939953769464,False
2014-01-16 00:05:41,0.010111648837141895,0.03518939953769464,False
2014-01-16 13:38:57,0.004646426887156174,0.03518939953769464,False
2014-01-17 10:02:10,0.00686442230169001,0.03518939953769464,False
2014-01-18 03:22:22,0.0073857675311950755,0.03518939953769464,False
2014-01-18 14:27:34,0.005390310081911653,0.03518939953769464,False
2014-01-18 14:50:43,0.005859334661517712,0.03518939953769464,False
2014-01-23 07:07:35,0.008211587168982914,0.03518939953769464,False
2014-01-23 19:44:55,0.01087720824720132,0.03518939953769464,False
2014-01-23 20:13:18,0.008204779319979427,0.03518939953769464,False
2014-01-26 16:21:30,0.008476622700101289,0.03518939953769464,False
2014-01-28 21:08:53,0.005883578375245407,0.03518939953769464,False
2014-02-02 10:05:25,0.0087888082929034,0.03518939953769464,False
2014-02-03 09:05:23,0.009029382928534908,0.03518939953769464,False
2014-02-04 15:31:26,0.014676887405730038,0.03518939953769464,False
2014-02-05 01:14:48,0.010222522908675164,0.03518939953769464,False
2014-02-06 12:22:34,0.01326519756728809,0.03518939953769464,False
2014-02-08 03:36:54,0.00489198930499739,0.03518939953769464,False
2014-02-09 10:20:46,0.008722157338077819,0.03518939953769464,False
2014-02-09 16:59:08,0.010739153052256135,0.03518939953769464,False
2014-02-11 20:08:51,0.01177322364136275,0.03518939953769464,False
2014-02-12 20:21:22,0.007895086900098925,0.03518939953769464,False
2014-02-13 06:15:15,0.016416952352612323,0.03518939953769464,False
2014-02-16 15:23:35,0.012640749845280219,0.03518939953769464,False
2014-02-17 10:38:56,0.015648396064293503,0.03518939953769464,False
2014-02-19 10:08:24,0.00850098982487162,0.03518939953769464,False
2014-02-22 03:38:46,0.01874212780108987,0.03518939953769464,False
2014-02-25 05:05:23,0.008482186925449931,0.03518939953769464,False
2014-03-03 17:51:44,0.011756783050302911,0.03518939953769464,False
2014-03-04 06:06:36,0.010199049176226332,0.03518939953769464,False
2014-03-04 07:11:01,0.01125819110671546,0.03518939953769464,False
2014-03-04 19:10:35,0.015156827419687763,0.03518939953769464,False
2014-03-06 09:12:39,0.01705299184249674,0.03518939953769464,False
2014-03-09 13:27:08,0.017481931700984204,0.03518939953769464,False
2014-03-12 01:15:05,0.015077193090866659,0.03518939953769464,False
2014-03-15 04:41:41,0.019761897748292557,0.03518939953769464,False
2014-03-16 16:54:54,0.010577359845007328,0.03518939953769464,False
2014-03-16 21:50:51,0.006935545905761365,0.03518939953769464,False
2014-03-17 03:00:10,0.0067773506724954245,0.03518939953769464,False
2014-03-18 21:42:55,0.008408980206447241,0.03518939953769464,False
2014-03-21 21:58:50,0.006333334720232331,0.03518939953769464,False
2014-03-24 03:32:32,0.008824338329457398,0.03518939953769464,False
2014-03-24 13:03:09,0.008412979722037367,0.03518939953769464,False
2014-03-25 00:12:46,0.009011372218014568,0.03518939953769464,False
2014-03-26 14:12:47,0.006542005491518515,0.03518939953769464,False
2014-03-27 01:12:25,0.00843748143440039,0.03518939953769464,False
2014-03-27 18:32:41,0.010792736986306955,0.03518939953769464,False
2014-03-28 15:26:23,0.008204320457849513,0.03518939953769464,False
2014-04-01 07:55:25,0.011558702140627842,0.03518939953769464,False
2014-04-03 09:15:26,0.00820577326930454,0.03518939953769464,False
2014-04-04 23:08:05,0.008360003901890506,0.03518939953769464,False
2014-04-08 09:50:10,0.008438591806124945,0.03518939953769464,False
2014-04-09 10:22:14,0.008328320897003338,0.03518939953769464,False
2014-04-10 23:06:30,0.005352914568146083,0.03518939953769464,False
2014-04-12 02:24:50,0.006976814333686748,0.03518939953769464,False
2014-04-13 07:50:25,0.010710903884256079,0.03518939953769464,False
2014-04-13 20:30:26,0.01044487108997244,0.03518939953769464,False
2014-04-15 01:51:46,0.010490867570539486,0.03518939953769464,False
2014-04-15 10:48:06,0.009432098340839773,0.03518939953769464,False
2014-04-17 16:46:29,0.007110958568396136,0.03518939953769464,False
2014-04-18 15:32:37,0.005360987626347946,0.03518939953769464,False
2014-04-20 22:31:23,0.004259486717922678,0.03518939953769464,False
2014-04-22 04:47:46,0.007659936351873231,0.03518939953769464,False
2014-04-22 09:58:30,0.006271423950019667,0.03518939953769464,False
2014-04-24 14:09:49,0.011893734718271038,0.03518939953769464,False
2014-04-25 10:50:07,0.014285387867309752,0.03518939953769464,False
2014-04-27 07:45:16,0.006795228599832626,0.03518939953769464,False
2014-05-01 04:32:13,0.007147652244486535,0.03518939953769464,False
2014-05-01 04:44:43,0.013655769925800898,0.03518939953769464,False
2014-05-01 12:14:03,0.015534219650362613,0.03518939953769464,False
2014-05-03 04:13:41,0.008757709374465406,0.03518939953769464,False
2014-05-06 08:06:43,0.009247556266575257,0.03518939953769464,False
2014-05-11 17:26:17,0.009151849739924606,0.03518939953769464,False
2014-05-14 15:51:58,0.01489545847712211,0.03518939953769464,False
2014-05-15 14:30:39,0.008953206782552875,0.03518939953769464,False
2014-05-17 00:26:05,0.01421529539138136,0.03518939953769464,False
2014-05-17 20:11:19,0.005459983596352097,0.03518939953769464,False
2014-05-18 20:42:46,0.011232685353365556,0.03518939953769464,False
2014-05-19 07:42:28,0.007173308917945409,0.03518939953769464,False
2014-05-21 15:29:23,0.008532487264723993,0.03518939953769464,False
2014-05-22 05:39:29,0.007930378877459027,0.03518939953769464,False
2014-05-23 02:29:15,0.010532432779357115,0.03518939953769464,False
2014-05-23 21:09:54,0.008443166409550012,0.03518939953769464,False
2014-05-24 04:59:42,0.009650929292198168,0.03518939953769464,False
2014-05-25 05:36:41,0.009994133245518271,0.03518939953769464,False
2014-05-31 04:50:20,0.01222157811174392,0.03518939953769464,False
2014-06-03 23:56:54,0.004489629738088657,0.03518939953769464,False
2014-06-04 02:10:37,0.012888173961659583,0.03518939953769464,False
2014-06-04 15:20:49,0.010748129799655665,0.03518939953769464,False
2014-06-04 22:19:37,0.016534528166847452,0.03518939953769464,False
2014-06-05 13:37:48,0.011065026109907294,0.03518939953769464,False
2014-06-08 03:45:55,0.018461235210944782,0.03518939953769464,False
2014-06-10 17:22:51,0.012725452435531841,0.03518939953769464,False
2014-06-11 04:42:53,0.014310970728369421,0.03518939953769464,False
2014-06-12 23:33:52,0.008918835393641888,0.03518939953769464,False
2014-06-13 00:07:50,0.010665551196393858,0.03518939953769464,False
2014-06-13 01:35:58,0.013149454013135142,0.03518939953769464,False
2014-06-13 14:48:43,0.008696720489769511,0.03518939953769464,False
2014-06-15 04:30:51,0.0072052836203345795,0.03518939953769464,False
2014-06-16 02:42:59,0.007916349496387254,0.03518939953769464,False
2014-06-18 17:43:18,0.016990050718937305,0.03518939953769464,False
2014-06-18 18:08:16,0.014520382029216627,0.03518939953769464,False
2014-06-18 19:37:19,0.022220920969040537,0.03518939953769464,False
2014-06-26 05:46:22,0.013984900237157061,0.03518939953769464,False
2014-06-27 12:58:10,0.009318391691430977,0.03518939953769464,False
2014-06-27 15:07:40,0.010202102078969882,0.03518939953769464,False
2014-07-01 22:37:49,0.010277544406795685,0.03518939953769464,False
2014-07-01 23:54:17,0.007141173030198839,0.03518939953769464,False
2014-07-02 06:16:58,0.004546760080615259,0.03518939953769464,False
2014-07-04 03:42:43,0.0045375179330010675,0.03518939953769464,False
2014-07-04 12:20:17,0.006151190103092757,0.03518939953769464,False
2014-07-05 08:50:52,0.010689059282323892,0.03518939953769464,False
2014-07-06 05:59:36,0.009919886352337055,0.03518939953769464,False
2014-07-06 21:34:19,0.009819875296329545,0.03518939953769464,False
2014-07-08 21:27:59,0.01200356498826391,0.03518939953769464,False
2014-07-09 16:16:26,0.014075671212253749,0.03518939953769464,False
2014-07-09 16:58:43,0.010825406571226071,0.03518939953769464,False
2014-07-10 04:04:03,0.01292482881226279,0.03518939953769464,False
2014-07-11 14:10:45,0.013025082470319116,0.03518939953769464,False
2014-07-13 23:03:13,0.01101074680667391,0.03518939953769464,False
2014-07-19 05:21:31,0.00838971099570172,0.03518939953769464,False
2014-07-19 17:34:30,0.0049880544821455045,0.03518939953769464,False
2014-07-20 08:58:46,0.009647190764369106,0.03518939953769464,False
2014-07-20 22:06:51,0.005256003202024018,0.03518939953769464,False
2014-07-21 01:45:39,0.010414824421464686,0.03518939953769464,False
2014-07-23 19:38:49,0.014176335047059846,0.03518939953769464,False
2014-07-24 20:07:51,0.01285655897135613,0.03518939953769464,False
2014-07-26 05:23:06,0.0057176158411342045,0.03518939953769464,False
2014-07-31 02:15:46,0.006448917060005244,0.03518939953769464,False
2014-08-01 02:40:46,0.006422887767118035,0.03518939953769464,False
2014-08-02 14:51:05,0.006646868809293138,0.03518939953769464,False
2014-08-02 16:10:16,0.005630483408493814,0.03518939953769464,False
2014-08-04 16:08:00,0.004864214644694842,0.03518939953769464,False
2014-08-04 22:58:32,0.007055558286198638,0.03518939953769464,False
2014-08-04 23:00:53,0.010047609413537124,0.03518939953769464,False
2014-08-05 06:05:03,0.007568607563203228,0.03518939953769464,False
2014-08-05 11:43:07,0.0051549022074083625,0.03518939953769464,False
2014-08-07 18:27:57,0.014156428370845412,0.03518939953769464,False
2014-08-08 06:37:47,0.01651754841508662,0.03518939953769464,False
2014-08-08 13:15:38,0.02692905362552116,0.03518939953769464,False
2014-08-08 19:00:44,0.009465660747654378,0.03518939953769464,False
2014-08-12 16:37:45,0.027564211545802186,0.03518939953769464,False
2014-08-13 02:57:21,0.024951943982326773,0.03518939953769464,False
2014-08-14 06:10:08,0.025173554204574185,0.03518939953769464,False
2014-08-19 06:07:28,0.009243182362053931,0.03518939953769464,False
2014-08-21 03:31:15,0.012763470949294026,0.03518939953769464,False
2014-08-21 21:49:21,0.005698786526743299,0.03518939953769464,False
2014-08-24 17:28:58,0.0035295434254182636,0.03518939953769464,False
2014-08-27 00:53:42,0.006608021626121613,0.03518939953769464,False
2014-08-27 04:28:57,0.00887082578316219,0.03518939953769464,False
2014-08-29 09:50:17,0.012607784112615168,0.03518939953769464,False
2014-09-02 03:25:22,0.027283018849155627,0.03518939953769464,False
2014-09-03 10:23:18,0.046180486953766524,0.03518939953769464,True
2014-09-04 07:10:39,0.03553869883910117,0.03518939953769464,True
2014-09-04 08:01:44,0.036238875368215066,0.03518939953769464,True
2014-09-05 10:08:06,0.0336032297748547,0.03518939953769464,False
2014-09-07 13:37:14,0.0235003335954988,0.03518939953769464,False
2014-09-10 04:02:25,0.029901966673360824,0.03518939953769464,False
2014-09-11 09:00:23,0.012524036682066208,0.03518939953769464,False
2014-09-11 10:18:11,0.007412693351046551,0.03518939953769464,False
2014-09-12 12:59:04,0.003330757491510461,0.03518939953769464,False
2014-09-14 02:32:11,0.006486224592693529,0.03518939953769464,False
2014-09-15 10:40:24,0.010278660024130897,0.03518939953769464,False
2014-09-18 14:06:30,0.010837060948830485,0.03518939953769464,False
2014-09-19 01:44:01,0.008269152758568137,0.03518939953769464,False
2014-09-23 10:33:57,0.008785583593661734,0.03518939953769464,False
2014-09-25 12:38:48,0.014118800480102934,0.03518939953769464,False
2014-09-25 23:54:12,0.015038574272297444,0.03518939953769464,False
2014-09-26 15:35:23,0.013712464423784926,0.03518939953769464,False
2014-09-26 22:16:33,0.010562375822599885,0.03518939953769464,False
2014-09-27 06:14:17,0.006513951615733665,0.03518939953769464,False
2014-09-27 20:15:31,0.013999270599320462,0.03518939953769464,False
2014-09-28 21:21:38,0.007846499491822539,0.03518939953769464,False
2014-09-29 14:06:46,0.006292221757549321,0.03518939953769464,False
2014-09-29 17:01:42,0.0067018214068071515,0.03518939953769464,False
2014-09-30 20:15:31,0.0073358524078961426,0.03518939953769464,False
2014-10-03 02:47:55,0.006015886142144933,0.03518939953769464,False
2014-10-04 23:34:42,0.009451026438650017,0.03518939953769464,False
2014-10-07 09:38:38,0.011249113481703581,0.03518939953769464,False
2014-10-08 08:10:33,0.01611075088190101,0.03518939953769464,False
2014-10-10 08:13:44,0.01192267089647725,0.03518939953769464,False
2014-10-10 08:46:57,0.017402561950986488,0.03518939953769464,False
2014-10-10 17:07:44,0.013084451766987004,0.03518939953769464,False
2014-10-11 07:00:02,0.012496320479862993,0.03518939953769464,False
2014-10-11 13:02:29,0.007966204333032911,0.03518939953769464,False
2014-10-13 08:15:15,0.007946351462944257,0.03518939953769464,False
2014-10-13 16:58:42,0.010861392103631162,0.03518939953769464,False
2014-10-14 00:51:25,0.01352059912126834,0.03518939953769464,False
2014-10-18 03:37:01,0.010457073201715511,0.03518939953769464,False
2014-10-21 06:00:55,0.012096884443602362,0.03518939953769464,False
2014-10-21 19:45:38,0.004471158347406368,0.03518939953769464,False
2014-10-23 02:59:09,0.00968889275189927,0.03518939953769464,False
2014-10-23 18:50:29,0.0076142377009284275,0.03518939953769464,False
2014-10-24 13:32:16,0.005846386624238026,0.03518939953769464,False
2014-10-24 22:54:50,0.006342270260132193,0.03518939953769464,False
2014-10-25 05:38:45,0.005825486472360702,0.03518939953769464,False
2014-10-25 18:27:00,0.004813039077620046,0.03518939953769464,False
2014-10-26 07:44:14,0.00519276996591434,0.03518939953769464,False
2014-10-27 15:39:44,0.005672316588337545,0.03518939953769464,False
2014-10-28 20:47:01,0.00386719470231931,0.03518939953769464,False
2014-11-02 09:50:38,0.006804204166868666,0.03518939953769464,False
2014-11-03 08:15:38,0.006251368770645649,0.03518939953769464,False
2014-11-03 14:03:58,0.00849283774819723,0.03518939953769464,False
2014-11-03 15:38:03,0.00900842091505143,0.03518939953769464,False
2014-11-04 16:28:00,0.007510393405529159,0.03518939953769464,False
2014-11-07 08:26:55,0.0062809530443527885,0.03518939953769464,False
2014-11-07 10:17:08,0.01176006870725218,0.03518939953769464,False
2014-11-07 19:26:59,0.009079185112621208,0.03518939953769464,False
2014-11-08 20:25:00,0.013130087403512136,0.03518939953769464,False
2014-11-11 19:45:01,0.012486692394197484,0.03518939953769464,False
2014-11-14 00:42:37,0.008491115152037742,0.03518939953769464,False
2014-11-14 16:37:22,0.006281942802161078,0.03518939953769464,False
2014-11-14 19:46:33,0.007003438515673232,0.03518939953769464,False
2014-11-15 13:11:04,0.007798710012171495,0.03518939953769464,False
2014-11-18 06:22:00,0.005523458680727572,0.03518939953769464,False
2014-11-18 18:35:25,0.004292763785143561,0.03518939953769464,False
2014-11-18 21:42:35,0.0058129247918641495,0.03518939953769464,False
2014-11-23 19:37:52,0.010407891094711075,0.03518939953769464,False
2014-11-24 00:55:26,0.011503526966089351,0.03518939953769464,False
2014-11-25 04:04:34,0.01278628292222626,0.03518939953769464,False
2014-11-26 00:10:57,0.01407801887428145,0.03518939953769464,False
2014-11-27 09:31:40,0.019896461285228085,0.03518939953769464,False
2014-11-28 17:13:47,0.00926453278083451,0.03518939953769464,False
2014-11-29 19:42:05,0.012097329227386693,0.03518939953769464,False
2014-11-29 19:49:30,0.011163648531957499,0.03518939953769464,False
2014-11-30 12:55:13,0.009429775938047207,0.03518939953769464,False
2014-11-30 16:25:50,0.01669219570044554,0.03518939953769464,False
2014-12-01 15:18:09,0.013558367662209997,0.03518939953769464,False
2014-12-02 06:41:00,0.0194933948354725,0.03518939953769464,False
2014-12-02 12:14:23,0.009641343657196932,0.03518939953769464,False
2014-12-05 08:53:41,0.02187003676463568,0.03518939953769464,False
2014-12-05 17:48:37,0.01328608900963361,0.03518939953769464,False
2014-12-11 15:25:07,0.02374459053893944,0.03518939953769464,False
2014-12-12 08:56:02,0.011321635979352068,0.03518939953769464,False
2014-12-12 23:47:29,0.023807071144631868,0.03518939953769464,False
2014-12-14 03:15:31,0.009827159677608593,0.03518939953769464,False
2014-12-14 23:19:05,0.013874825052612283,0.03518939953769464,False
2014-12-15 22:03:06,0.009713562827121824,0.03518939953769464,False
2014-12-16 05:56:56,0.00932117078018061,0.03518939953769464,False
2014-12-17 10:44:48,0.004238620206978949,0.03518939953769464,False
2014-12-18 07:14:03,0.006245187030161447,0.03518939953769464,False
2014-12-19 02:47:01,0.0090072968700932,0.03518939953769464,False
2014-12-20 13:21:56,0.006093223148607158,0.03518939953769464,False
2014-12-22 03:48:20,0.006973632146151815,0.03518939953769464,False
2014-12-27 13:41:14,0.005190235852890884,0.03518939953769464,False
2014-12-27 17:19:52,0.006471057028548216,0.03518939953769464,False
2014-12-29 02:06:46,0.007465148107961783,0.03518939953769464,False
2014-12-29 22:59:14,0.007465783370392859,0.03518939953769464,False
2014-12-30 19:16:08,0.007513648365554076,0.03518939953769464,False
2014-12-31 16:27:08,0.010509626001071937,0.03518939953769464,False
2015-01-02 22:04:45,0.0056674897024967755,0.03518939953769464,False
2015-01-04 01:31:53,0.00834972198868289,0.03518939953769464,False
2015-01-04 14:41:34,0.007996807791283155,0.03518939953769464,False
2015-01-05 00:33:40,0.008421663016936688,0.03518939953769464,False
2015-01-05 10:45:05,0.011068166138092814,0.03518939953769464,False
2015-01-07 04:25:04,0.012794493797871651,0.03518939953769464,False
2015-01-08 11:50:32,0.015986734892468976,0.03518939953769464,False
2015-01-09 18:15:37,0.005497774905045974,0.03518939953769464,False
2015-01-12 03:13:36,0.00725348651234318,0.03518939953769464,False
2015-01-12 13:44:01,0.009976517158844534,0.03518939953769464,False
2015-01-18 04:47:42,0.008098418589805733,0.03518939953769464,False
2015-01-18 17:04:42,0.009534013007832205,0.03518939953769464,False
2015-01-22 03:42:25,0.009636029832388704,0.03518939953769464,False
2015-01-23 16:57:32,0.005314272930902014,0.03518939953769464,False
2015-01-25 08:15:00,0.0065602738705523855,0.03518939953769464,False
2015-01-27 15:38:43,0.01618882735631974,0.03518939953769464,False
2015-01-27 18:50:51,0.008299582645228176,0.03518939953769464,False
2015-01-29 18:11:20,0.010031147696895431,0.03518939953769464,False
2015-01-30 08:24:42,0.003592689992306747,0.03518939953769464,False
2015-01-31 12:45:51,0.0062628606610458494,0.03518939953769464,False
2015-02-02 12:06:25,0.00727156771538226,0.03518939953769464,False
2015-02-02 14:14:17,0.007488978109517447,0.03518939953769464,False
2015-02-03 02:52:54,0.008970224395073856,0.03518939953769464,False
2015-02-04 01:49:29,0.01331409492665872,0.03518939953769464,False
2015-02-07 14:26:04,0.013824465768899336,0.03518939953769464,False
2015-02-08 09:00:38,0.01473092132655513,0.03518939953769464,False
2015-02-08 17:52:34,0.008719133855386436,0.03518939953769464,False
2015-02-09 20:08:36,0.014525171048752939,0.03518939953769464,False
2015-02-11 08:47:32,0.009963969081128598,0.03518939953769464,False
2015-02-13 20:44:20,0.013764157561405189,0.03518939953769464,False
2015-02-15 08:02:55,0.006830327094680439,0.03518939953769464,False
2015-02-15 08:41:12,0.004148960713462269,0.03518939953769464,False
2015-02-16 12:50:39,0.0051887093267534825,0.03518939953769464,False
2015-02-17 22:27:20,0.01086695574507306,0.03518939953769464,False
2015-02-18 20:07:57,0.010958664168719467,0.03518939953769464,False
2015-02-19 01:32:24,0.01227785278441213,0.03518939953769464,False
2015-02-21 01:35:49,0.011727542447626072,0.03518939953769464,False
2015-02-21 05:25:59,0.010914520738893745,0.03518939953769464,False
2015-02-21 06:39:52,0.011214982163290792,0.03518939953769464,False
2015-02-24 11:01:18,0.004677324581616693,0.03518939953769464,False
2015-02-25 11:47:31,0.005415856351600179,0.03518939953769464,False
2015-02-25 23:44:09,0.008475175056087636,0.03518939953769464,False
2015-02-26 01:45:30,0.012065268077731566,0.03518939953769464,False
2015-03-02 18:25:32,0.007845747272045173,0.03518939953769464,False
2015-03-03 15:43:06,0.013876040513735633,0.03518939953769464,False
2015-03-05 11:30:46,0.0071934097446151755,0.03518939953769464,False
2015-03-07 10:12:32,0.01560981790700533,0.03518939953769464,False
2015-03-09 23:28:40,0.013020518311908758,0.03518939953769464,False
2015-03-12 06:31:41,0.009290069916924354,0.03518939953769464,False
2015-03-13 00:34:55,0.01396998762516522,0.03518939953769464,False
2015-03-13 01:23:08,0.009300090994334542,0.03518939953769464,False
2015-03-13 12:43:10,0.011281999855733433,0.03518939953769464,False
2015-03-14 09:42:16,0.008701372219735364,0.03518939953769464,False
2015-03-15 06:22:13,0.007398201383215164,0.03518939953769464,False
2015-03-15 22:20:04,0.008033369178002236,0.03518939953769464,False
2015-03-16 13:23:31,0.00801559746753055,0.03518939953769464,False
2015-03-17 21:48:07,0.007654610816776419,0.03518939953769464,False
2015-03-20 01:26:30,0.006132757574980835,0.03518939953769464,False
2015-03-23 23:17:47,0.006346662977713674,0.03518939953769464,False
2015-03-24 20:15:00,0.009947999643267874,0.03518939953769464,False
2015-03-25 11:16:37,0.010768344764609843,0.03518939953769464,False
2015-03-25 17:39:51,0.010230805469680398,0.03518939953769464,False
2015-03-28 11:07:12,0.011866621594986604,0.03518939953769464,False
2015-03-30 00:30:28,0.015504706701210269,0.03518939953769464,False
2015-03-30 01:24:24,0.007344604654364595,0.03518939953769464,False
2015-03-30 06:18:59,0.01545665377648452,0.03518939953769464,False
2015-03-30 16:49:38,0.013382848638212892,0.03518939953769464,False
2015-04-02 10:04:01,0.007319742696703335,0.03518939953769464,False
2015-04-02 15:42:35,0.007673305269764919,0.03518939953769464,False
2015-04-06 03:08:17,0.00834180518960198,0.03518939953769464,False
2015-04-06 09:09:46,0.013917055126243943,0.03518939953769464,False
2015-04-07 00:44:20,0.014063747233120682,0.03518939953769464,False
2015-04-07 06:26:36,0.027111853833238324,0.03518939953769464,False
2015-04-07 15:14:24,0.019097922435368925,0.03518939953769464,False
2015-04-08 05:43:03,0.023981592273498102,0.03518939953769464,False
2015-04-09 12:45:58,0.023329401739892962,0.03518939953769464,False
2015-04-14 22:23:49,0.011542023979251904,0.03518939953769464,False
2015-04-15 00:56:46,0.017105612876828304,0.03518939953769464,False
2015-04-15 19:06:49,0.011987484563535423,0.03518939953769464,False
2015-04-16 17:42:49,0.01602363292453819,0.03518939953769464,False
2015-04-17 19:33:20,0.008799191756155744,0.03518939953769464,False
2015-04-21 19:31:14,0.0038918524533643694,0.03518939953769464,False
2015-04-22 02:40:49,0.008573976134543877,0.03518939953769464,False
2015-04-23 02:43:08,0.007850945658123398,0.03518939953769464,False
2015-04-26 23:28:49,0.008208662674641275,0.03518939953769464,False
2015-04-27 22:19:22,0.005954984419133525,0.03518939953769464,False
2015-04-29 14:59:44,0.003653834893254043,0.03518939953769464,False
2015-04-29 18:23:03,0.009020911795690173,0.03518939953769464,False
2015-05-02 02:41:27,0.005967474565163144,0.03518939953769464,False
2015-05-04 01:17:09,0.00750976346611828,0.03518939953769464,False
2015-05-04 03:58:14,0.006361004470741144,0.03518939953769464,False
2015-05-05 11:34:22,0.007683414742816502,0.03518939953769464,False
2015-05-06 09:25:34,0.007111410207762919,0.03518939953769464,False
2015-05-09 15:41:44,0.00514417947617638,0.03518939953769464,False
2015-05-10 23:22:11,0.005012028190519474,0.03518939953769464,False
2015-05-11 21:41:56,0.003814056693221368,0.03518939953769464,False
2015-05-12 21:59:22,0.005562238916934392,0.03518939953769464,False
2015-05-14 07:33:24,0.007629296053886908,0.03518939953769464,False
2015-05-16 06:56:35,0.007764821581462767,0.03518939953769464,False
2015-05-16 10:18:52,0.0055028391808439716,0.03518939953769464,False
2015-05-16 22:29:21,0.008877765389314113,0.03518939953769464,False
2015-05-17 01:58:12,0.00783012232485784,0.03518939953769464,False
2015-05-20 13:21:47,0.008970091348259202,0.03518939953769464,False
2015-05-20 15:02:04,0.009385259814032532,0.03518939953769464,False
2015-05-22 07:15:42,0.0060312003334823784,0.03518939953769464,False
2015-05-22 16:48:32,0.012809471950628587,0.03518939953769464,False
2015-05-22 18:07:57,0.012845056244413516,0.03518939953769464,False
2015-05-23 03:57:58,0.010822877524780599,0.03518939953769464,False
2015-05-24 18:15:42,0.00626203268769217,0.03518939953769464,False
2015-05-26 03:43:15,0.007586453586518998,0.03518939953769464,False
2015-05-27 16:37:27,0.006362452442647415,0.03518939953769464,False
2015-05-27 16:46:41,0.007456555761979783,0.03518939953769464,False
2015-05-28 00:12:58,0.0117439273339283,0.03518939953769464,False
2015-05-28 04:01:45,0.018637876858906895,0.03518939953769464,False
2015-05-30 09:48:09,0.014859480530684538,0.03518939953769464,False
2015-06-02 20:05:15,0.017968878776813607,0.03518939953769464,False
2015-06-04 10:44:03,0.020254625154852313,0.03518939953769464,False
2015-06-05 06:04:24,0.014181102016243074,0.03518939953769464,False
2015-06-09 01:24:16,0.01174078269288581,0.03518939953769464,False
2015-06-11 11:53:59,0.004527622694907929,0.03518939953769464,False
2015-06-11 17:29:47,0.0066509829264983274,0.03518939953769464,False
2015-06-11 17:44:27,0.016863681409498843,0.03518939953769464,False
2015-06-12 00:18:51,0.017346883930330938,0.03518939953769464,False
2015-06-12 04:36:31,0.0183289114626339,0.03518939953769464,False
2015-06-17 11:52:11,0.008833784919091625,0.03518939953769464,False
2015-06-20 05:04:26,0.02218018898709373,0.03518939953769464,False
2015-06-23 06:36:38,0.015510717074296826,0.03518939953769464,False
2015-06-23 07:54:48,0.016777238659773968,0.03518939953769464,False
2015-06-25 09:50:49,0.009766380839179745,0.03518939953769464,False
2015-06-27 10:18:09,0.013599052407424223,0.03518939953769464,False
2015-06-29 04:24:15,0.020405962346179602,0.03518939953769464,False
2015-06-29 17:26:17,0.016426414460750112,0.03518939953769464,False
2015-07-03 01:58:09,0.012058171171326054,0.03518939953769464,False
2015-07-03 13:31:38,0.009742882509090034,0.03518939953769464,False
2015-07-03 14:16:04,0.008640746040481534,0.03518939953769464,False
2015-07-04 01:53:04,0.006134311929006292,0.03518939953769464,False
2015-07-05 02:49:35,0.010440386110765231,0.03518939953769464,False
2015-07-05 03:49:33,0.010363799356015502,0.03518939953769464,False
2015-07-07 13:44:54,0.01298000720891367,0.03518939953769464,False
2015-07-09 03:52:46,0.013144090472249991,0.03518939953769464,False
2015-07-15 02:27:01,0.005330793438666553,0.03518939953769464,False
2015-07-15 23:05:26,0.003885833462797933,0.03518939953769464,False
2015-07-17 08:54:06,0.005548817343761231,0.03518939953769464,False
2015-07-20 02:07:54,0.005070530369773807,0.03518939953769464,False
2015-07-20 23:52:45,0.005598124903259611,0.03518939953769464,False
2015-07-22 10:18:35,0.006913012069294849,0.03518939953769464,False
2015-07-22 23:12:06,0.008200421729372336,0.03518939953769464,False
2015-07-24 15:23:21,0.007678487394000871,0.03518939953769464,False
2015-07-26 17:56:58,0.007670949577912217,0.03518939953769464,False
2015-07-28 23:40:31,0.009888970688608417,0.03518939953769464,False
2015-07-31 17:33:21,0.006400936164601889,0.03518939953769464,False
2015-08-02 17:32:06,0.010097728864085076,0.03518939953769464,False
2015-08-03 07:05:53,0.009555114510158868,0.03518939953769464,False
2015-08-04 01:30:03,0.01128668465971669,0.03518939953769464,False
2015-08-04 04:37:38,0.013369842889170347,0.03518939953769464,False
2015-08-04 15:04:32,0.015269099485331788,0.03518939953769464,False
2015-08-04 17:02:58,0.006340129137813811,0.03518939953769464,False
2015-08-06 23:30:29,0.007445748805696828,0.03518939953769464,False
2015-08-06 23:55:21,0.013908360304869666,0.03518939953769464,False
2015-08-07 11:10:07,0.009621708561874703,0.03518939953769464,False
2015-08-08 11:11:18,0.01130289660886059,0.03518939953769464,False
2015-08-09 08:07:56,0.014018456328774586,0.03518939953769464,False
2015-08-09 09:50:22,0.012738601288699419,0.03518939953769464,False
2015-08-09 15:58:23,0.01713026023246671,0.03518939953769464,False
2015-08-09 18:38:30,0.00721710204653474,0.03518939953769464,False
2015-08-11 21:07:06,0.017082976901890375,0.03518939953769464,False
2015-08-12 03:20:47,0.00693481672085281,0.03518939953769464,False
2015-08-12 04:03:28,0.010557869704593293,0.03518939953769464,False
2015-08-13 09:01:20,0.010175362229681356,0.03518939953769464,False
2015-08-16 01:30:31,0.010679451224167196,0.03518939953769464,False
2015-08-16 14:55:39,0.009952026779339485,0.03518939953769464,False
2015-08-17 21:49:00,0.0077297522724606325,0.03518939953769464,False
2015-08-18 04:05:30,0.008828894958684158,0.03518939953769464,False
2015-08-19 12:11:18,0.013131328417336774,0.03518939953769464,False
2015-08-23 06:00:34,0.009525383347045623,0.03518939953769464,False
2015-08-24 02:32:23,0.011686327334259838,0.03518939953769464,False
2015-08-24 05:23:38,0.006526290041048111,0.03518939953769464,False
2015-08-25 14:34:16,0.012391954448665565,0.03518939953769464,False
2015-08-26 19:59:01,0.012936647263389379,0.03518939953769464,False
2015-08-27 15:10:36,0.01424589980547582,0.03518939953769464,False
2015-08-27 21:32:13,0.01400967655209905,0.03518939953769464,False
2015-08-29 13:04:57,0.009340887066868215,0.03518939953769464,False
2015-08-30 23:10:25,0.01587768202521573,0.03518939953769464,False
2015-08-31 03:50:14,0.009257618866114042,0.03518939953769464,False
2015-09-01 01:46:19,0.009428519078449682,0.03518939953769464,False
2015-09-04 08:40:00,0.005195088753308441,0.03518939953769464,False
2015-09-06 12:57:16,0.0107379938490405,0.03518939953769464,False
2015-09-10 23:11:26,0.014728574171033232,0.03518939953769464,False
2015-09-13 21:28:13,0.02294141315855151,0.03518939953769464,False
2015-09-13 23:13:31,0.015845616251762767,0.03518939953769464,False
2015-09-14 15:35:06,0.006690584324134119,0.03518939953769464,False
2015-09-15 01:53:32,0.010711076521042185,0.03518939953769464,False
2015-09-16 11:46:48,0.014643472351405878,0.03518939953769464,False
2015-09-19 12:34:24,0.009882305875014857,0.03518939953769464,False
2015-09-20 02:02:00,0.008256874616214261,0.03518939953769464,False
2015-09-20 08:33:11,0.008400889681489054,0.03518939953769464,False
2015-09-23 16:32:59,0.010941646308777054,0.03518939953769464,False
2015-09-25 09:20:41,0.01079005189318249,0.03518939953769464,False
2015-09-25 10:04:34,0.01359657938896166,0.03518939953769464,False
2015-09-25 16:25:02,0.00580750429530773,0.03518939953769464,False
2015-09-26 19:16:00,0.013354480380787659,0.03518939953769464,False
2015-09-27 04:48:20,0.01459063870558835,0.03518939953769464,False
2015-09-27 21:55:52,0.024573475528190208,0.03518939953769464,False
2015-09-27 22:35:11,0.01603945503635018,0.03518939953769464,False
2015-09-28 01:02:07,0.014689097532342066,0.03518939953769464,False
2015-09-28 14:03:02,0.013971471071818852,0.03518939953769464,False
2015-09-30 01:34:05,0.012932281705704013,0.03518939953769464,False
2015-10-05 17:22:53,0.018242202220623043,0.03518939953769464,False
2015-10-08 11:00:11,0.005171687806317332,0.03518939953769464,False
2015-10-08 19:21:25,0.008275247539762554,0.03518939953769464,False
2015-10-08 20:54:09,0.006336495088397581,0.03518939953769464,False
2015-10-09 16:28:09,0.004632041780532165,0.03518939953769464,False
2015-10-11 19:50:10,0.005479826156331052,0.03518939953769464,False
2015-10-12 03:16:03,0.010830150681489204,0.03518939953769464,False
2015-10-14 22:15:58,0.012426424658404777,0.03518939953769464,False
2015-10-15 17:04:59,0.01368360733871275,0.03518939953769464,False
2015-10-16 21:47:59,0.005707408093702532,0.03518939953769464,False
2015-10-18 03:09:26,0.007583352146714656,0.03518939953769464,False
2015-10-19 16:15:56,0.007068023912975685,0.03518939953769464,False
2015-10-20 13:05:12,0.0057520486889835794,0.03518939953769464,False
2015-10-23 19:29:31,0.004368148133417726,0.03518939953769464,False
2015-10-23 22:13:53,0.004927333659281596,0.03518939953769464,False
2015-10-25 12:51:43,0.0065495301239299085,0.03518939953769464,False
2015-10-25 18:24:01,0.0060479803654227724,0.03518939953769464,False
2015-10-27 01:35:15,0.005526425564429088,0.03518939953769464,False
2015-10-29 21:48:06,0.006511914562897009,0.03518939953769464,False
2015-10-30 02:40:56,0.006983193136863275,0.03518939953769464,False
2015-10-30 14:05:48,0.009027312034790897,0.03518939953769464,False
2015-11-01 15:58:16,0.0046182173492169635,0.03518939953769464,False
2015-11-01 16:10:20,0.013858857979857874,0.03518939953769464,False
2015-11-02 04:07:19,0.010098974448919629,0.03518939953769464,False
2015-11-02 23:41:40,0.012059747975221224,0.03518939953769464,False
2015-11-05 23:43:06,0.003751833354407047,0.03518939953769464,False
2015-11-06 01:04:10,0.0049906877122495585,0.03518939953769464,False
2015-11-06 14:17:22,0.005452012875572265,0.03518939953769464,False
2015-11-07 12:57:53,0.007991590216608224,0.03518939953769464,False
2015-11-07 16:49:25,0.00821116814962844,0.03518939953769464,False
2015-11-08 07:19:59,0.01781962109481463,0.03518939953769464,False
2015-11-08 10:19:15,0.006847460212427081,0.03518939953769464,False
2015-11-09 18:30:20,0.009011006990905812,0.03518939953769464,False
2015-11-10 09:17:39,0.010987571601218738,0.03518939953769464,False
2015-11-10 15:49:12,0.01835963881794974,0.03518939953769464,False
2015-11-11 01:28:47,0.02021822758752031,0.03518939953769464,False
2015-11-11 13:18:54,0.021521254345961537,0.03518939953769464,False
2015-11-11 16:23:03,0.016220183507838694,0.03518939953769464,False
2015-11-13 20:33:49,0.0162222563065643,0.03518939953769464,False
2015-11-16 22:03:55,0.013612812826679121,0.03518939953769464,False
2015-11-17 00:08:52,0.01010508078775968,0.03518939953769464,False
2015-11-18 16:52:15,0.007876609586575534,0.03518939953769464,False
2015-11-19 09:11:08,0.011703912380831022,0.03518939953769464,False
2015-11-20 01:42:13,0.008165380361105068,0.03518939953769464,False
2015-11-20 02:46:54,0.005341152496247526,0.03518939953769464,False
2015-11-22 07:11:19,0.009054712951973475,0.03518939953769464,False
2015-11-23 11:07:22,0.01654801098095122,0.03518939953769464,False
2015-11-23 18:13:22,0.015069375901548592,0.03518939953769464,False
2015-11-25 08:45:22,0.0163528799323341,0.03518939953769464,False
2015-11-26 20:27:16,0.011830795078175407,0.03518939953769464,False
2015-11-30 07:09:00,0.0022864509766751667,0.03518939953769464,False
2015-12-01 21:52:11,0.010397311360751652,0.03518939953769464,False
2015-12-04 19:54:44,0.014221178358264567,0.03518939953769464,False
2015-12-04 22:41:10,0.012083736801472612,0.03518939953769464,False
2015-12-05 09:30:32,0.0068268646289911805,0.03518939953769464,False
2015-12-07 02:28:24,0.00447807922097504,0.03518939953769464,False
2015-12-09 05:28:15,0.006669785449787064,0.03518939953769464,False
2015-12-11 07:30:21,0.005555731427514093,0.03518939953769464,False
2015-12-11 20:18:26,0.007579359232751432,0.03518939953769464,False
2015-12-16 06:52:39,0.009837099922368569,0.03518939953769464,False
2015-12-16 21:28:06,0.009540211170937613,0.03518939953769464,False
2015-12-17 23:48:35,0.009010953109348397,0.03518939953769464,False
2015-12-18 16:15:09,0.009255030041181028,0.03518939953769464,False
2015-12-19 01:44:45,0.007866508373121184,0.03518939953769464,False
2015-12-20 10:48:20,0.005249759308953039,0.03518939953769464,False
2015-12-21 12:40:40,0.009881074691914415,0.03518939953769464,False
2015-12-23 18:39:26,0.009067575707883246,0.03518939953769464,False
2015-12-24 04:43:28,0.00826410736879118,0.03518939953769464,False
2015-12-26 01:08:30,0.004426013903364112,0.03518939953769464,False
2015-12-30 03:01:39,0.007539768751366571,0.03518939953769464,False
2015-12-31 12:26:41,0.00751074555399085,0.03518939953769464,False
2016-01-02 20:42:48,0.008975862677394097,0.03518939953769464,False
2016-01-03 05:08:52,0.00926420119951662,0.03518939953769464,False
2016-01-03 22:33:44,0.018863035484502765,0.03518939953769464,False
2016-01-04 02:06:50,0.012678518945700734,0.03518939953769464,False
2016-01-04 11:50:31,0.022275721584743745,0.03518939953769464,False
2016-01-07 20:37:11,0.01443452392096633,0.03518939953769464,False
2016-01-09 06:28:28,0.010326448712925613,0.03518939953769464,False
2016-01-10 01:18:32,0.016017136066655842,0.03518939953769464,False
2016-01-11 02:53:50,0.011113433896389496,0.03518939953769464,False
2016-01-14 03:43:06,0.009325388103623022,0.03518939953769464,False
2016-01-14 13:49:54,0.008886627796441043,0.03518939953769464,False
2016-01-19 06:13:41,0.005300562356205379,0.03518939953769464,False
2016-01-20 09:50:02,0.013473459552253547,0.03518939953769464,False
2016-01-20 20:08:49,0.010193899826725911,0.03518939953769464,False
2016-01-20 22:18:48,0.021701964688451415,0.03518939953769464,False
2016-01-21 09:24:29,0.009818441519403597,0.03518939953769464,False
2016-01-25 17:48:55,0.00981538699187029,0.03518939953769464,False
2016-01-25 19:52:30,0.009499738141210768,0.03518939953769464,False
2016-01-30 04:35:55,0.01438549427920971,0.03518939953769464,False
2016-01-30 05:36:23,0.012703936737336441,0.03518939953769464,False
2016-01-31 13:05:44,0.02241287430102653,0.03518939953769464,False
2016-02-02 03:02:11,0.02848296388473165,0.03518939953769464,False
2016-02-03 14:51:10,0.024419704049172895,0.03518939953769464,False
2016-02-04 00:22:35,0.01479280852060938,0.03518939953769464,False
2016-02-07 00:59:03,0.008719880256178748,0.03518939953769464,False
2016-02-08 09:18:48,0.01837333041663155,0.03518939953769464,False
2016-02-08 20:16:18,0.011074529965208824,0.03518939953769464,False
2016-02-09 12:54:00,0.007489236724218901,0.03518939953769464,False
2016-02-09 21:39:51,0.005592880782865073,0.03518939953769464,False
2016-02-10 19:25:06,0.006020151137733021,0.03518939953769464,False
2016-02-10 19:38:13,0.010797602519147364,0.03518939953769464,False
2016-02-12 07:48:38,0.005733116725910437,0.03518939953769464,False
2016-02-13 09:21:55,0.011895244100594431,0.03518939953769464,False
2016-02-13 23:13:58,0.010059331281146954,0.03518939953769464,False
2016-02-14 09:14:16,0.012172553002417019,0.03518939953769464,False
2016-02-15 11:15:35,0.01217248292137581,0.03518939953769464,False
2016-02-17 12:52:29,0.0141255064653311,0.03518939953769464,False
2016-02-18 13:58:24,0.005571891524918876,0.03518939953769464,False
2016-02-18 16:46:52,0.0074415225135971656,0.03518939953769464,False
2016-02-20 11:38:28,0.011056402755090889,0.03518939953769464,False
2016-02-20 15:48:46,0.012856165289370742,0.03518939953769464,False
2016-02-21 12:35:31,0.014360094556263508,0.03518939953769464,False
2016-02-22 16:07:19,0.01012483267502593,0.03518939953769464,False
2016-02-24 14:39:57,0.004591024005442884,0.03518939953769464,False
2016-02-25 00:38:36,0.004915332179500914,0.03518939953769464,False
2016-02-25 06:53:43,0.006463338566497018,0.03518939953769464,False
2016-02-26 23:40:53,0.013050548179374922,0.03518939953769464,False
2016-02-27 05:12:46,0.006182358010703282,0.03518939953769464,False
2016-02-28 12:20:28,0.010669965476975624,0.03518939953769464,False
2016-02-29 11:14:52,0.012693510230689698,0.03518939953769464,False
2016-03-01 04:16:54,0.014049597014185344,0.03518939953769464,False
2016-03-02 17:38:36,0.0181942027156994,0.03518939953769464,False
2016-03-03 21:41:55,0.007245024320402161,0.03518939953769464,False
2016-03-04 06:41:53,0.009561737919537312,0.03518939953769464,False
2016-03-04 09:06:35,0.004951306116601295,0.03518939953769464,False
2016-03-05 03:41:54,0.009179786944706314,0.03518939953769464,False
2016-03-05 16:00:05,0.009109830085453779,0.03518939953769464,False
2016-03-06 20:32:36,0.007598289178373685,0.03518939953769464,False
2016-03-07 06:33:40,0.009862106568281931,0.03518939953769464,False
2016-03-08 09:38:10,0.01012367841717719,0.03518939953769464,False
2016-03-10 07:26:28,0.012836740252292606,0.03518939953769464,False
2016-03-10 12:56:37,0.008407083468443566,0.03518939953769464,False
2016-03-10 13:06:54,0.008403599380509446,0.03518939953769464,False
2016-03-11 05:13:49,0.010763704785330185,0.03518939953769464,False
2016-03-14 20:46:31,0.014741181202134735,0.03518939953769464,False
2016-03-15 22:34:58,0.012202448431159507,0.03518939953769464,False
2016-03-16 08:46:17,0.015606720846142053,0.03518939953769464,False
2016-03-18 03:51:12,0.009392437179774416,0.03518939953769464,False
2016-03-27 23:32:23,0.011657206582605328,0.03518939953769464,False
2016-03-31 10:04:54,0.009686188681445163,0.03518939953769464,False
2016-03-31 21:56:22,0.017820929066642288,0.03518939953769464,False
2016-04-02 08:33:18,0.009513315410659456,0.03518939953769464,False
2016-04-03 14:14:26,0.010591649923058971,0.03518939953769464,False
2016-04-08 08:08:01,0.005227287478012738,0.03518939953769464,False
2016-04-09 08:01:14,0.013383426938303767,0.03518939953769464,False
2016-04-13 20:03:00,0.010266704942618304,0.03518939953769464,False
2016-04-15 00:06:03,0.009654227809780114,0.03518939953769464,False
2016-04-16 05:39:00,0.00474689885463091,0.03518939953769464,False
2016-04-16 21:02:07,0.004826540377758193,0.03518939953769464,False
2016-04-17 20:32:58,0.004217314508965409,0.03518939953769464,False
2016-04-20 06:31:32,0.007326169265255017,0.03518939953769464,False
2016-04-20 16:31:44,0.00313047289922625,0.03518939953769464,False
2016-04-28 02:43:55,0.005299173704906851,0.03518939953769464,False
2016-04-29 10:04:15,0.007097319297129634,0.03518939953769464,False
2016-05-03 15:08:08,0.010219156194341467,0.03518939953769464,False
2016-05-05 01:04:02,0.0068474527540935805,0.03518939953769464,False
2016-05-05 06:04:58,0.009300562914994454,0.03518939953769464,False
2016-05-07 04:38:48,0.008957751869029413,0.03518939953769464,False
2016-05-08 01:42:44,0.013136988143699286,0.03518939953769464,False
2016-05-09 18:09:54,0.016096150827703288,0.03518939953769464,False
2016-05-10 10:32:24,0.010902217851031315,0.03518939953769464,False
2016-05-10 11:32:10,0.01054363285664962,0.03518939953769464,False
2016-05-10 13:29:00,0.01005415208996997,0.03518939953769464,False
2016-05-12 10:45:00,0.007218852485486549,0.03518939953769464,False
2016-05-13 03:02:40,0.011165616702665915,0.03518939953769464,False
2016-05-14 14:27:45,0.011309424511205507,0.03518939953769464,False
2016-05-17 14:54:37,0.009192539077007993,0.03518939953769464,False
2016-05-18 22:15:52,0.007848954305300077,0.03518939953769464,False
2016-05-20 14:24:00,0.012266930531515747,0.03518939953769464,False
2016-05-21 00:35:17,0.01157885168815423,0.03518939953769464,False
2016-05-25 03:56:59,0.008064699770500162,0.03518939953769464,False
2016-05-26 16:42:04,0.012172380613642652,0.03518939953769464,False
2016-05-26 23:03:08,0.009135075642414992,0.03518939953769464,False
2016-05-27 09:27:39,0.011500279711367505,0.03518939953769464,False
2016-05-28 17:22:23,0.010874423661581895,0.03518939953769464,False
2016-05-29 16:32:43,0.006791578670671266,0.03518939953769464,False
2016-05-29 17:31:41,0.005027781541945386,0.03518939953769464,False
2016-05-30 05:32:31,0.004037976429218581,0.03518939953769464,False
2016-05-31 06:30:46,0.006413099623511875,0.03518939953769464,False
2016-06-02 12:33:35,0.009534045862158003,0.03518939953769464,False
2016-06-02 20:24:42,0.006775687042261919,0.03518939953769464,False
2016-06-04 20:53:50,0.007682884310544152,0.03518939953769464,False
2016-06-05 21:42:53,0.006918264758877224,0.03518939953769464,False
2016-06-06 14:33:47,0.004060402645516503,0.03518939953769464,False
2016-06-07 03:00:16,0.0031632904173129472,0.03518939953769464,False
2016-06-09 02:29:20,0.0057090488257035,0.03518939953769464,False
2016-06-11 22:40:40,0.005623516039400561,0.03518939953769464,False
2016-06-13 06:30:46,0.007712497729360224,0.03518939953769464,False
2016-06-13 09:24:14,0.006640206148591588,0.03518939953769464,False
2016-06-16 05:26:36,0.008439597183198245,0.03518939953769464,False
2016-06-16 15:19:22,0.005619278005885608,0.03518939953769464,False
2016-06-17 11:34:02,0.00735124959773169,0.03518939953769464,False
2016-06-18 09:01:45,0.006020198610660055,0.03518939953769464,False
2016-06-18 18:57:32,0.010669446699506447,0.03518939953769464,False
2016-06-19 11:47:12,0.0075510391425027135,0.03518939953769464,False
2016-06-20 01:13:31,0.0058231844657417155,0.03518939953769464,False
2016-06-20 15:00:21,0.005048478388716327,0.03518939953769464,False
2016-06-20 19:42:22,0.0049778811103811885,0.03518939953769464,False
2016-06-22 14:17:36,0.004829641735871154,0.03518939953769464,False
2016-06-23 05:04:57,0.004447611005698055,0.03518939953769464,False
2016-06-24 09:19:14,0.0035759368525350834,0.03518939953769464,False
2016-06-25 00:01:49,0.007372500926366416,0.03518939953769464,False
2016-06-26 05:10:06,0.0064015255847294,0.03518939953769464,False
2016-06-27 01:18:57,0.006513426336597727,0.03518939953769464,False
2016-06-29 15:20:15,0.005517235951614729,0.03518939953769464,False
2016-06-29 21:38:13,0.004142977399005321,0.03518939953769464,False
2016-06-30 20:10:20,0.0047324954828524505,0.03518939953769464,False
2016-06-30 23:53:06,0.004431818858559556,0.03518939953769464,False
2016-07-02 08:45:34,0.007289888250154397,0.03518939953769464,False
2016-07-03 00:41:29,0.011486298254894379,0.03518939953769464,False
2016-07-04 06:24:31,0.013449145199049373,0.03518939953769464,False
2016-07-04 07:37:34,0.013295763211298151,0.03518939953769464,False
2016-07-04 20:58:23,0.01733839306394467,0.03518939953769464,False
2016-07-05 01:31:05,0.016791110048309223,0.03518939953769464,False
2016-07-06 23:47:59,0.01635977510004071,0.03518939953769464,False
2016-07-08 12:10:24,0.018632025633352,0.03518939953769464,False
2016-07-09 05:53:07,0.012557496307083582,0.03518939953769464,False
2016-07-10 17:08:32,0.004107153595136715,0.03518939953769464,False
2016-07-11 20:47:01,0.008582160821555052,0.03518939953769464,False
2016-07-12 17:01:12,0.008960691303426305,0.03518939953769464,False
2016-07-13 14:08:44,0.018940832939601505,0.03518939953769464,False
2016-07-13 16:14:08,0.010935042923824367,0.03518939953769464,False
2016-07-14 00:04:19,0.019099869511071055,0.03518939953769464,False
2016-07-14 03:43:33,0.008067384311354254,0.03518939953769464,False
2016-07-14 09:47:18,0.013897496514312001,0.03518939953769464,False
2016-07-16 11:59:03,0.0071809778363372215,0.03518939953769464,False
2016-07-18 00:14:42,0.006333372812479832,0.03518939953769464,False
2016-07-18 21:45:31,0.007768183604929135,0.03518939953769464,False
2016-07-19 04:02:14,0.009044611332676766,0.03518939953769464,False
2016-07-20 01:54:06,0.007947207462042671,0.03518939953769464,False
2016-07-21 10:49:42,0.007712228092117734,0.03518939953769464,False
2016-07-22 16:16:46,0.0035006785400765682,0.03518939953769464,False
2016-07-22 21:59:33,0.010430453109968891,0.03518939953769464,False
2016-07-24 06:47:50,0.008657767960264368,0.03518939953769464,False
2016-07-24 18:39:50,0.008087864356683922,0.03518939953769464,False
2016-07-25 23:48:25,0.006021724351950514,0.03518939953769464,False
2016-07-27 06:05:30,0.0045051494817890895,0.03518939953769464,False
2016-07-29 08:58:16,0.006128558901854675,0.03518939953769464,False
2016-07-30 03:20:11,0.005825579661324648,0.03518939953769464,False
2016-07-31 12:04:10,0.007183320412906713,0.03518939953769464,False
2016-08-02 02:31:02,0.010405645705558731,0.03518939953769464,False
2016-08-02 11:12:29,0.011371362232680487,0.03518939953769464,False
2016-08-02 17:59:19,0.013240813611437963,0.03518939953769464,False
2016-08-02 21:02:31,0.0057845344725143185,0.03518939953769464,False
2016-08-03 04:45:31,0.009691605941115044,0.03518939953769464,False
2016-08-07 16:35:12,0.008904007597671182,0.03518939953769464,False
2016-08-08 16:17:58,0.015250965187057408,0.03518939953769464,False
2016-08-08 17:53:53,0.00881605155124211,0.03518939953769464,False
2016-08-10 00:32:27,0.017364846053113458,0.03518939953769464,False
2016-08-14 00:03:05,0.01797727268081279,0.03518939953769464,False
2016-08-14 00:51:12,0.011523780598810545,0.03518939953769464,False
2016-08-14 09:31:07,0.016899584799474364,0.03518939953769464,False
2016-08-18 22:56:26,0.017161760272521885,0.03518939953769464,False
2016-08-19 13:27:49,0.012170591871922343,0.03518939953769464,False
2016-08-19 23:49:57,0.00899999909056386,0.03518939953769464,False
2016-08-20 18:15:26,0.006538433700211177,0.03518939953769464,False
2016-08-21 19:49:08,0.014653080354914976,0.03518939953769464,False
2016-08-21 23:33:04,0.010861596502392174,0.03518939953769464,False
2016-08-22 07:36:49,0.010192209963604721,0.03518939953769464,False
2016-08-24 23:17:13,0.006191021078944143,0.03518939953769464,False
2016-08-27 13:05:43,0.008765923589708197,0.03518939953769464,False
2016-08-27 13:13:19,0.008042075650682934,0.03518939953769464,False
2016-08-28 03:07:42,0.008345983890228763,0.03518939953769464,False
2016-08-28 10:21:52,0.012012633266536238,0.03518939953769464,False
2016-08-28 14:48:12,0.010591896356932178,0.03518939953769464,False
2016-08-30 21:42:01,0.017606181641809326,0.03518939953769464,False
2016-08-31 17:22:59,0.00778228534448277,0.03518939953769464,False
2016-09-01 17:17:52,0.010202059983602667,0.03518939953769464,False
2016-09-02 07:30:26,0.008706521301336279,0.03518939953769464,False
2016-09-08 05:54:02,0.006741256651261957,0.03518939953769464,False
2016-09-09 06:29:07,0.007707647873127277,0.03518939953769464,False
2016-09-09 16:34:13,0.005557303510187905,0.03518939953769464,False
2016-09-14 01:21:58,0.007644922756734135,0.03518939953769464,False
2016-09-14 18:05:27,0.009692112811980774,0.03518939953769464,False
2016-09-15 11:24:51,0.006145925151869985,0.03518939953769464,False
2016-09-15 21:24:14,0.008641512754503172,0.03518939953769464,False
2016-09-17 01:13:37,0.011911271536386474,0.03518939953769464,False
2016-09-19 18:59:43,0.009363824385646041,0.03518939953769464,False
2016-09-23 02:16:55,0.01620679852581347,0.03518939953769464,False
2016-09-23 14:12:18,0.0736935480771952,0.03518939953769464,True
2016-09-25 17:33:03,0.043919185175907885,0.03518939953769464,True
2016-09-28 01:08:58,0.08383641645146796,0.03518939953769464,True
2016-09-28 04:20:16,0.04461185483516732,0.03518939953769464,True
2016-09-30 01:35:54,0.07225797102778878,0.03518939953769464,True
2016-10-07 10:40:22,0.05396969684677716,0.03518939953769464,True
2016-10-08 05:47:14,0.059274374372022307,0.03518939953769464,True
2016-10-10 12:47:27,0.018665979353284623,0.03518939953769464,False
2016-10-11 14:29:40,0.0076361760194548324,0.03518939953769464,False
2016-10-11 22:49:34,0.010719713678998422,0.03518939953769464,False
2016-10-12 07:10:45,0.01335896571075208,0.03518939953769464,False
2016-10-12 21:33:06,0.017408655969458176,0.03518939953769464,False
2016-10-13 07:40:17,0.012476762836687217,0.03518939953769464,False
2016-10-13 14:22:52,0.012545465339065382,0.03518939953769464,False
2016-10-15 19:49:25,0.008324093340475885,0.03518939953769464,False
2016-10-15 23:54:37,0.009011891386521236,0.03518939953769464,False
2016-10-16 09:45:43,0.006187422459976749,0.03518939953769464,False
2016-10-17 12:38:13,0.012041362419209955,0.03518939953769464,False
2016-10-17 12:47:14,0.01086792139911807,0.03518939953769464,False
2016-10-18 18:04:50,0.011053053147584823,0.03518939953769464,False
2016-10-18 19:42:32,0.005637017185726151,0.03518939953769464,False
2016-10-19 02:28:23,0.01231751067289405,0.03518939953769464,False
2016-10-19 21:35:05,0.015734874055924712,0.03518939953769464,False
2016-10-20 05:30:22,0.01761883156511716,0.03518939953769464,False
2016-10-20 15:12:06,0.016751796978196197,0.03518939953769464,False
2016-10-21 08:28:06,0.02500191604836561,0.03518939953769464,False
2016-10-24 14:59:57,0.009781794542075683,0.03518939953769464,False
2016-10-26 23:23:00,0.014383137077346519,0.03518939953769464,False
2016-10-27 23:20:32,0.009232876503884935,0.03518939953769464,False
2016-10-29 14:11:24,0.006028706059437933,0.03518939953769464,False
2016-10-30 14:53:18,0.004061642162321871,0.03518939953769464,False
2016-10-30 17:34:23,0.006781026052204059,0.03518939953769464,False
2016-10-31 17:16:16,0.006540440436493228,0.03518939953769464,False
2016-11-01 19:07:34,0.004247279336532783,0.03518939953769464,False
2016-11-03 20:37:14,0.007573547000787445,0.03518939953769464,False
2016-11-03 22:06:20,0.008526313799843626,0.03518939953769464,False
2016-11-06 21:17:12,0.006773574254141707,0.03518939953769464,False
2016-11-09 02:59:16,0.00875951289460553,0.03518939953769464,False
2016-11-11 23:24:00,0.00732394339009434,0.03518939953769464,False
2016-11-13 03:29:14,0.006515109391087159,0.03518939953769464,False
2016-11-14 02:00:48,0.004618600260296102,0.03518939953769464,False
2016-11-14 22:08:14,0.005418497212503292,0.03518939953769464,False
2016-11-16 20:19:03,0.003919860761323479,0.03518939953769464,False
2016-11-17 11:34:52,0.00580200549441377,0.03518939953769464,False
2016-11-18 07:31:17,0.005565218557836216,0.03518939953769464,False
2016-11-24 17:27:06,0.00318780686908966,0.03518939953769464,False
2016-11-26 04:00:09,0.0059104673355128475,0.03518939953769464,False
2016-11-26 06:28:38,0.006789557114536227,0.03518939953769464,False
2016-11-26 08:37:25,0.007017174072152232,0.03518939953769464,False
2016-11-28 02:38:26,0.005094009902254182,0.03518939953769464,False
2016-12-01 04:58:20,0.004868400780114029,0.03518939953769464,False
2016-12-01 13:13:06,0.005003899677859064,0.03518939953769464,False
2016-12-01 15:54:28,0.0038948997541144335,0.03518939953769464,False
2016-12-05 10:28:53,0.007981953587036517,0.03518939953769464,False
2016-12-06 06:50:28,0.010650505114929354,0.03518939953769464,False
2016-12-06 08:22:44,0.01097377520218416,0.03518939953769464,False
2016-12-06 09:41:32,0.008725846962861333,0.03518939953769464,False
2016-12-06 21:47:57,0.011153985918000865,0.03518939953769464,False
2016-12-07 19:02:11,0.010545644498349516,0.03518939953769464,False
2016-12-11 12:01:14,0.008119065236508882,0.03518939953769464,False
2016-12-12 00:23:33,0.00987959753060046,0.03518939953769464,False
2016-12-12 03:05:50,0.00961385189339028,0.03518939953769464,False
2016-12-16 01:11:32,0.010199142701731213,0.03518939953769464,False
2016-12-17 05:37:49,0.010852588765566818,0.03518939953769464,False
2016-12-17 20:50:43,0.016290499274256093,0.03518939953769464,False
2016-12-20 22:05:59,0.008519162663700236,0.03518939953769464,False
2016-12-22 10:23:55,0.01081433299825954,0.03518939953769464,False
2016-12-23 13:02:54,0.005926074774397133,0.03518939953769464,False
2016-12-25 10:21:43,0.010243136572796546,0.03518939953769464,False
2016-12-27 16:00:40,0.010452873087330172,0.03518939953769464,False
2016-12-28 21:56:01,0.01913738943134269,0.03518939953769464,False
2017-01-02 18:25:54,0.011072085593494641,0.03518939953769464,False
2017-01-03 17:43:54,0.020852400482683615,0.03518939953769464,False
2017-01-04 01:09:42,0.012438911680115178,0.03518939953769464,False
2017-01-07 02:25:56,0.010484066952654619,0.03518939953769464,False
2017-01-07 10:06:43,0.006483091555348925,0.03518939953769464,False
2017-01-07 21:08:15,0.009392903169163974,0.03518939953769464,False
2017-01-08 20:48:24,0.004976298227263765,0.03518939953769464,False
2017-01-10 07:28:36,0.004873086084771372,0.03518939953769464,False
2017-01-10 13:56:33,0.005974707865941298,0.03518939953769464,False
2017-01-11 14:16:49,0.007152609705793456,0.03518939953769464,False
2017-01-13 03:51:26,0.006327605906785533,0.03518939953769464,False
2017-01-13 20:20:04,0.0068861000953596655,0.03518939953769464,False
2017-01-16 15:30:10,0.005475423112332128,0.03518939953769464,False
2017-01-17 04:13:41,0.00587899046096319,0.03518939953769464,False
2017-01-21 05:57:08,0.004391310392688458,0.03518939953769464,False
2017-01-21 20:44:08,0.008901723582421228,0.03518939953769464,False
2017-01-24 17:19:27,0.005855326535834138,0.03518939953769464,False
2017-01-25 01:11:10,0.0067735242759622396,0.03518939953769464,False
2017-01-25 16:51:13,0.004242972261664113,0.03518939953769464,False
2017-01-26 04:29:40,0.005272576649673721,0.03518939953769464,False
2017-01-28 00:27:49,0.005391896597351564,0.03518939953769464,False
2017-01-29 15:36:53,0.006768421246229617,0.03518939953769464,False
2017-01-30 15:17:43,0.008991059525713963,0.03518939953769464,False
2017-02-01 03:21:01,0.00706395128607622,0.03518939953769464,False
2017-02-01 06:09:24,0.005542670903217811,0.03518939953769464,False
2017-02-02 03:14:22,0.004778812669869315,0.03518939953769464,False
2017-02-04 16:38:07,0.006848206267426304,0.03518939953769464,False
2017-02-06 10:07:29,0.005560704765885782,0.03518939953769464,False
2017-02-08 11:21:29,0.007395378822611931,0.03518939953769464,False
2017-02-14 22:16:37,0.01188246791040425,0.03518939953769464,False
2017-02-15 05:47:41,0.004117047193331852,0.03518939953769464,False
2017-02-15 17:07:04,0.005907537679658248,0.03518939953769464,False
2017-02-16 01:51:37,0.004835822511756682,0.03518939953769464,False
2017-02-16 18:08:17,0.004779652216739349,0.03518939953769464,False
2017-02-16 23:50:46,0.004072104387099223,0.03518939953769464,False
2017-02-20 21:08:17,0.0057678521303115736,0.03518939953769464,False
2017-02-21 19:31:39,0.007480416156167791,0.03518939953769464,False
2017-02-22 04:24:07,0.01226118603304539,0.03518939953769464,False
2017-02-22 23:08:56,0.006935633288683079,0.03518939953769464,False
2017-02-23 14:27:03,0.008859723817158688,0.03518939953769464,False
2017-02-24 21:53:11,0.005969497788555217,0.03518939953769464,False
2017-02-25 08:01:53,0.0064547261290218375,0.03518939953769464,False
2017-02-27 11:45:18,0.006709807262951545,0.03518939953769464,False
2017-03-01 04:45:48,0.006059773870983942,0.03518939953769464,False
2017-03-02 00:46:13,0.006169908170864158,0.03518939953769464,False
2017-03-03 19:09:31,0.011243117175637729,0.03518939953769464,False
2017-03-08 08:16:13,0.011537831567453388,0.03518939953769464,False
2017-03-12 19:58:12,0.009666717286303628,0.03518939953769464,False
2017-03-13 05:54:20,0.013046582728562994,0.03518939953769464,False
2017-03-14 12:01:36,0.013557072577253627,0.03518939953769464,False
2017-03-15 13:32:03,0.012837607621549712,0.03518939953769464,False
2017-03-15 18:23:32,0.008569131367901883,0.03518939953769464,False
2017-03-16 12:34:49,0.01139595109456118,0.03518939953769464,False
2017-03-16 17:53:14,0.005712010468202633,0.03518939953769464,False
2017-03-19 19:12:01,0.005883302765315035,0.03518939953769464,False
2017-03-21 19:17:29,0.007457905745772786,0.03518939953769464,False
2017-03-22 08:02:09,0.009448230028908882,0.03518939953769464,False
2017-03-22 21:10:11,0.007817664300371629,0.03518939953769464,False
2017-03-23 03:20:52,0.008227115087841902,0.03518939953769464,False
2017-03-23 11:45:54,0.007857849198017103,0.03518939953769464,False
2017-03-23 21:50:23,0.00649243315358311,0.03518939953769464,False
2017-03-25 01:22:02,0.006318000626190668,0.03518939953769464,False
2017-03-25 03:42:24,0.0073897493524878845,0.03518939953769464,False
2017-03-25 09:32:00,0.005139517777341535,0.03518939953769464,False
2017-03-28 07:35:50,0.0022290287115912465,0.03518939953769464,False
2017-03-28 13:12:06,0.007834489275688977,0.03518939953769464,False
2017-03-28 18:00:57,0.01360353216640992,0.03518939953769464,False
2017-03-29 12:04:28,0.016045183598882313,0.03518939953769464,False
2017-03-29 17:26:20,0.009025481707197126,0.03518939953769464,False
2017-04-03 07:50:33,0.0059379625692805695,0.03518939953769464,False
2017-04-06 08:19:20,0.006591088083724367,0.03518939953769464,False
2017-04-07 03:31:09,0.005253989074405235,0.03518939953769464,False
2017-04-07 15:28:04,0.006548472966673574,0.03518939953769464,False
2017-04-10 09:51:33,0.006251788168605427,0.03518939953769464,False
2017-04-10 17:15:50,0.011252483263264418,0.03518939953769464,False
2017-04-11 08:59:02,0.019806533481957683,0.03518939953769464,False
2017-04-11 11:11:08,0.01505966850500901,0.03518939953769464,False
2017-04-17 21:24:03,0.017379016330434933,0.03518939953769464,False
2017-04-21 17:16:23,0.007366578101716087,0.03518939953769464,False
2017-04-23 20:00:59,0.012773366399081398,0.03518939953769464,False
2017-04-27 16:22:03,0.00530966191359436,0.03518939953769464,False
2017-04-28 08:25:59,0.004612590069974387,0.03518939953769464,False
2017-04-29 12:09:42,0.004037650669290171,0.03518939953769464,False
2017-05-03 02:16:37,0.007803647603266839,0.03518939953769464,False
2017-05-05 15:58:58,0.006701281154468913,0.03518939953769464,False
2017-05-09 05:55:43,0.006370610646848407,0.03518939953769464,False
2017-05-09 22:30:25,0.007098635702860251,0.03518939953769464,False
2017-05-10 14:32:27,0.009435525813341667,0.03518939953769464,False
2017-05-12 01:29:00,0.005886084778533846,0.03518939953769464,False
2017-05-13 01:44:05,0.008648645013938906,0.03518939953769464,False
2017-05-14 19:11:13,0.0068701035800513895,0.03518939953769464,False
2017-05-16 11:10:24,0.004045995105469135,0.03518939953769464,False
2017-05-18 03:24:32,0.006140898029660535,0.03518939953769464,False
2017-05-18 06:11:53,0.008373901421908182,0.03518939953769464,False
2017-05-21 00:10:34,0.007194197571054467,0.03518939953769464,False
2017-05-21 18:28:10,0.0074123467926049905,0.03518939953769464,False
2017-05-24 12:21:51,0.004676373107118053,0.03518939953769464,False
2017-05-25 10:46:04,0.008260647705740615,0.03518939953769464,False
2017-05-25 15:11:11,0.009137666778977066,0.03518939953769464,False
2017-05-27 12:15:21,0.00895803747949111,0.03518939953769464,False
2017-05-29 09:15:23,0.008525323932942714,0.03518939953769464,False
2017-05-30 09:25:41,0.004526264514010042,0.03518939953769464,False
2017-05-30 14:58:48,0.003491246632926176,0.03518939953769464,False
2017-06-02 17:32:35,0.009886409033960958,0.03518939953769464,False
2017-06-03 13:29:21,0.005146828384848462,0.03518939953769464,False
2017-06-03 22:58:45,0.009649355921049962,0.03518939953769464,False
2017-06-04 04:58:28,0.005753482899124462,0.03518939953769464,False
2017-06-05 00:55:52,0.02168527508987118,0.03518939953769464,False
2017-06-07 02:59:52,0.018857646392790185,0.03518939953769464,False
2017-06-11 07:54:43,0.021350803478844792,0.03518939953769464,False
2017-06-12 08:38:32,0.017033304284852425,0.03518939953769464,False
2017-06-13 01:54:15,0.014018383765728781,0.03518939953769464,False
2017-06-13 02:52:18,0.010894084565393846,0.03518939953769464,False
2017-06-15 18:49:27,0.009102307139761234,0.03518939953769464,False
2017-06-17 11:27:51,0.008727515661258844,0.03518939953769464,False
2017-06-18 15:14:58,0.014536903958361314,0.03518939953769464,False
2017-06-20 03:29:28,0.009825010120504296,0.03518939953769464,False
2017-06-20 15:26:36,0.008536783750777077,0.03518939953769464,False
2017-06-23 18:35:27,0.0047456414219374295,0.03518939953769464,False
2017-06-26 18:05:58,0.0036246987835923616,0.03518939953769464,False
2017-06-29 17:53:11,0.006449163406888675,0.03518939953769464,False
2017-06-30 16:13:26,0.011006232568106405,0.03518939953769464,False
2017-07-03 00:31:49,0.010407331682352616,0.03518939953769464,False
2017-07-03 11:36:22,0.013127868667624476,0.03518939953769464,False
2017-07-03 15:15:56,0.015927102191108933,0.03518939953769464,False
2017-07-04 03:12:09,0.010126423176226246,0.03518939953769464,False
2017-07-04 06:40:23,0.020141726635191676,0.03518939953769464,False
2017-07-04 07:00:08,0.015063963375114625,0.03518939953769464,False
2017-07-05 18:34:32,0.01250378912379065,0.03518939953769464,False
2017-07-05 19:12:11,0.00464766017322662,0.03518939953769464,False
2017-07-08 04:21:53,0.005892426046286647,0.03518939953769464,False
2017-07-10 12:05:01,0.008959447413718935,0.03518939953769464,False
2017-07-12 05:01:29,0.009836017007699888,0.03518939953769464,False
2017-07-12 10:21:00,0.00758094734328712,0.03518939953769464,False
2017-07-12 19:42:41,0.005201817978071377,0.03518939953769464,False
2017-07-13 14:07:46,0.009718765648999105,0.03518939953769464,False
2017-07-15 23:39:30,0.011150148311856678,0.03518939953769464,False
2017-07-17 06:22:14,0.0080825252697737,0.03518939953769464,False
2017-07-17 11:17:48,0.004372672353746154,0.03518939953769464,False
2017-07-18 18:48:03,0.011214529184879562,0.03518939953769464,False
2017-07-24 11:51:19,0.010876743722698224,0.03518939953769464,False
2017-07-24 16:38:17,0.009808511306787848,0.03518939953769464,False
2017-07-25 13:39:16,0.010509815674954215,0.03518939953769464,False
2017-07-28 11:40:16,0.02106854690714589,0.03518939953769464,False
2017-07-29 04:21:25,0.014496161595964997,0.03518939953769464,False
2017-07-30 16:55:02,0.02394391480935485,0.03518939953769464,False
2017-07-30 17:52:54,0.00959474843747644,0.03518939953769464,False
2017-08-01 17:33:28,0.007933439829445771,0.03518939953769464,False
2017-08-02 13:42:17,0.011537089215150714,0.03518939953769464,False
2017-08-02 18:26:40,0.008266422454191286,0.03518939953769464,False
2017-08-05 08:02:36,0.011472640385600091,0.03518939953769464,False
2017-08-05 08:04:30,0.016741276990937463,0.03518939953769464,False
2017-08-06 23:19:24,0.00969587440660874,0.03518939953769464,False
2017-08-07 02:27:24,0.016065703311946115,0.03518939953769464,False
2017-08-07 17:30:46,0.006610003321146957,0.03518939953769464,False
2017-08-09 11:01:44,0.012827400010499701,0.03518939953769464,False
2017-08-11 18:45:58,0.007508892404405071,0.03518939953769464,False
2017-08-11 20:31:09,0.004800668017199777,0.03518939953769464,False
2017-08-12 04:09:02,0.007367514665452546,0.03518939953769464,False
2017-08-15 10:54:45,0.006902760296728427,0.03518939953769464,False
2017-08-15 16:19:23,0.0072026858854431445,0.03518939953769464,False
2017-08-16 16:36:02,0.007789431322609508,0.03518939953769464,False
2017-08-16 22:41:54,0.004901422834109587,0.03518939953769464,False
2017-08-18 06:43:22,0.011199764246637517,0.03518939953769464,False
2017-08-22 03:00:58,0.010004736964692834,0.03518939953769464,False
2017-08-22 16:05:48,0.014423890121682765,0.03518939953769464,False
2017-08-24 09:55:31,0.006798726131622695,0.03518939953769464,False
2017-08-26 22:29:48,0.006791124908182222,0.03518939953769464,False
2017-08-29 14:07:36,0.004847305094092635,0.03518939953769464,False
2017-08-31 04:45:20,0.009866763476629226,0.03518939953769464,False
2017-09-01 17:49:10,0.011306716224066427,0.03518939953769464,False
2017-09-02 19:46:16,0.005707975745102312,0.03518939953769464,False
2017-09-03 15:04:35,0.012329520577512932,0.03518939953769464,False
2017-09-05 11:40:27,0.009095534234626612,0.03518939953769464,False
2017-09-05 21:04:35,0.007943689990137753,0.03518939953769464,False
2017-09-07 09:05:41,0.004123033364749934,0.03518939953769464,False
2017-09-08 21:01:37,0.007031390600577459,0.03518939953769464,False
2017-09-08 21:49:19,0.007337104177411591,0.03518939953769464,False
2017-09-08 23:21:31,0.007913694910660584,0.03518939953769464,False
2017-09-10 18:24:06,0.006143245434399963,0.03518939953769464,False
2017-09-11 00:57:58,0.006577259326937002,0.03518939953769464,False
2017-09-11 07:20:13,0.0061926708006212585,0.03518939953769464,False
2017-09-11 10:19:52,0.014852208508267717,0.03518939953769464,False
2017-09-12 19:24:32,0.015581037698254974,0.03518939953769464,False
2017-09-17 14:49:48,0.015168950533473636,0.03518939953769464,False
2017-09-17 23:38:21,0.009250095520026308,0.03518939953769464,False
2017-09-19 11:46:20,0.011595270275971492,0.03518939953769464,False
2017-09-20 19:09:39,0.007498103466848616,0.03518939953769464,False
2017-09-22 20:22:38,0.013286168664265486,0.03518939953769464,False
2017-09-23 12:17:13,0.010514095424985498,0.03518939953769464,False
2017-09-26 08:26:23,0.011955144994814764,0.03518939953769464,False
2017-09-26 14:49:25,0.01101750690170567,0.03518939953769464,False
2017-09-28 14:10:52,0.027764516394122325,0.03518939953769464,False
2017-10-03 14:18:01,0.014700198556859095,0.03518939953769464,False
2017-10-03 21:56:37,0.017266184731832845,0.03518939953769464,False
2017-10-04 14:18:44,0.006605448068416037,0.03518939953769464,False
2017-10-04 23:06:21,0.010687212572390132,0.03518939953769464,False
2017-10-05 04:31:39,0.006573294410375391,0.03518939953769464,False
2017-10-05 18:21:15,0.010557496765235092,0.03518939953769464,False
2017-10-06 05:18:20,0.00800453163526878,0.03518939953769464,False
2017-10-07 13:05:50,0.012003245951944696,0.03518939953769464,False
2017-10-07 15:13:48,0.016690084227892792,0.03518939953769464,False
2017-10-08 00:35:06,0.008986640744841595,0.03518939953769464,False
2017-10-08 08:41:32,0.019570192594493874,0.03518939953769464,False
2017-10-10 13:22:16,0.01619130300283534,0.03518939953769464,False
2017-10-16 13:06:55,0.013182240669050155,0.03518939953769464,False
2017-10-17 02:01:47,0.010883347311409986,0.03518939953769464,False
2017-10-18 06:43:09,0.00992142626449638,0.03518939953769464,False
2017-10-19 14:20:29,0.007049579356001584,0.03518939953769464,False
2017-10-21 03:27:18,0.00870910102445579,0.03518939953769464,False
2017-10-24 18:39:31,0.010674933847406498,0.03518939953769464,False
2017-10-24 19:15:12,0.0044892413388883615,0.03518939953769464,False
2017-10-26 23:36:53,0.0065878362576204386,0.03518939953769464,False
2017-10-28 10:02:39,0.010235844566877882,0.03518939953769464,False
2017-10-31 10:19:13,0.01148062000948844,0.03518939953769464,False
2017-10-31 16:42:30,0.009007274728669823,0.03518939953769464,False
2017-11-01 22:44:07,0.009957545313139183,0.03518939953769464,False
2017-11-04 07:36:08,0.019105669823259952,0.03518939953769464,False
2017-11-08 20:44:00,0.011109658235592911,0.03518939953769464,False
2017-11-09 19:28:49,0.002566694889462684,0.03518939953769464,False
2017-11-10 05:46:22,0.006028994814805039,0.03518939953769464,False
2017-11-10 11:17:20,0.007819961822265747,0.03518939953769464,False
2017-11-10 22:05:33,0.005487103698931966,0.03518939953769464,False
2017-11-11 20:25:22,0.008256701929361293,0.03518939953769464,False
2017-11-12 17:12:37,0.007687668291480693,0.03518939953769464,False
2017-11-13 22:57:54,0.009338328950019858,0.03518939953769464,False
2017-11-15 14:10:36,0.0063995792812928,0.03518939953769464,False
2017-11-17 00:52:41,0.007224953576241905,0.03518939953769464,False
2017-11-17 07:04:08,0.006592111404260442,0.03518939953769464,False
2017-11-19 09:06:16,0.016256767238318377,0.03518939953769464,False
2017-11-20 09:04:26,0.028997359937505008,0.03518939953769464,False
2017-11-24 03:13:10,0.026090903557921274,0.03518939953769464,False
2017-11-25 16:04:29,0.022315604606876132,0.03518939953769464,False
2017-11-25 16:41:32,0.029340609344521974,0.03518939953769464,False
2017-11-27 19:30:50,0.02999054433922324,0.03518939953769464,False
2017-11-28 22:50:49,0.02770922927165951,0.03518939953769464,False
2017-11-29 07:05:36,0.008304990447043897,0.03518939953769464,False
2017-11-30 10:54:54,0.005446144131478231,0.03518939953769464,False
2017-12-02 00:27:45,0.004736823377305449,0.03518939953769464,False
2017-12-02 14:35:06,0.0073139884304356025,0.03518939953769464,False
2017-12-03 14:52:47,0.009066355222583294,0.03518939953769464,False
2017-12-04 08:20:27,0.006254863234554908,0.03518939953769464,False
2017-12-07 02:14:17,0.010064923268021903,0.03518939953769464,False
2017-12-07 17:47:06,0.013006714135896607,0.03518939953769464,False
2017-12-08 12:00:50,0.02005712186249861,0.03518939953769464,False
2017-12-09 14:47:19,0.028729421003029665,0.03518939953769464,False
2017-12-10 04:51:07,0.012103278693050269,0.03518939953769464,False
2017-12-11 08:24:41,0.022294881692748132,0.03518939953769464,False
2017-12-16 14:11:27,0.025280507544529242,0.03518939953769464,False
2017-12-16 14:47:23,0.017324468934124725,0.03518939953769464,False
2017-12-22 07:51:15,0.004369224676752914,0.03518939953769464,False
2017-12-23 06:35:06,0.006088729085055705,0.03518939953769464,False
2017-12-23 16:22:02,0.010057983706083712,0.03518939953769464,False
2017-12-24 03:29:42,0.013606164671011662,0.03518939953769464,False
2017-12-24 03:46:15,0.014448470861945978,0.03518939953769464,False
2017-12-25 05:01:04,0.01324475239075698,0.03518939953769464,False
2018-01-06 03:36:36,0.01140504276876395,0.03518939953769464,False
2018-01-07 07:35:05,0.00549398488868103,0.03518939953769464,False
2018-01-08 15:54:08,0.00848045212479795,0.03518939953769464,False
2018-01-09 07:48:55,0.01089042207707131,0.03518939953769464,False
2018-01-09 20:45:26,0.009236984419875032,0.03518939953769464,False
2018-01-13 19:06:13,0.006021327949862871,0.03518939953769464,False
2018-01-15 17:10:16,0.00910908422475929,0.03518939953769464,False
2018-01-18 06:22:04,0.005939855298152974,0.03518939953769464,False
2018-01-18 12:08:57,0.008883067251395066,0.03518939953769464,False
2018-01-18 13:37:20,0.006483775807321851,0.03518939953769464,False
2018-01-18 22:08:46,0.006837814101299938,0.03518939953769464,False
2018-01-19 20:51:08,0.009075259134445696,0.03518939953769464,False
2018-01-20 04:56:10,0.012447296574920325,0.03518939953769464,False
2018-01-22 00:46:36,0.008253155340687357,0.03518939953769464,False
2018-01-25 01:57:29,0.00983009052834849,0.03518939953769464,False
2018-01-25 08:35:43,0.004272764493293946,0.03518939953769464,False
2018-01-25 11:18:01,0.0035776407187598724,0.03518939953769464,False
2018-01-26 02:00:12,0.007085842160322542,0.03518939953769464,False
2018-01-26 16:12:02,0.01313674626392739,0.03518939953769464,False
2018-01-26 20:14:18,0.008965055118491433,0.03518939953769464,False
2018-01-27 02:24:44,0.010235938836726226,0.03518939953769464,False
2018-01-28 04:52:57,0.00462464271582883,0.03518939953769464,False
2018-01-29 12:41:52,0.00891921057220683,0.03518939953769464,False
2018-01-29 17:45:19,0.0076440699760415174,0.03518939953769464,False
2018-01-29 21:16:08,0.010167139132208864,0.03518939953769464,False
2018-01-30 01:22:00,0.014032989513292581,0.03518939953769464,False
2018-02-01 02:40:13,0.01900816137675764,0.03518939953769464,False
2018-02-01 04:48:40,0.026700891938753017,0.03518939953769464,False
2018-02-02 04:06:53,0.017026919956339197,0.03518939953769464,False
2018-02-03 19:59:58,0.017035881997270085,0.03518939953769464,False
2018-02-04 10:53:41,0.010607035721934726,0.03518939953769464,False
2018-02-04 13:46:00,0.011128765851677847,0.03518939953769464,False
2018-02-04 19:04:03,0.005647677399789663,0.03518939953769464,False
2018-02-06 00:18:56,0.004514317976135806,0.03518939953769464,False
2018-02-07 04:38:49,0.00388711887078379,0.03518939953769464,False
2018-02-10 11:36:49,0.005254090120513371,0.03518939953769464,False
2018-02-10 14:38:59,0.0052476555057380195,0.03518939953769464,False
2018-02-10 16:15:32,0.006765440554283847,0.03518939953769464,False
2018-02-14 00:59:52,0.004578590627912988,0.03518939953769464,False
2018-02-14 08:54:33,0.007519075860275842,0.03518939953769464,False
2018-02-15 07:05:43,0.007153286598223308,0.03518939953769464,False
2018-02-15 17:17:27,0.006769950298824723,0.03518939953769464,False
2018-02-16 16:24:40,0.009558683922282884,0.03518939953769464,False
2018-02-21 03:24:43,0.009312787794397653,0.03518939953769464,False
2018-02-26 22:50:52,0.013562554134087301,0.03518939953769464,False
2018-02-28 02:32:26,0.009424446560244937,0.03518939953769464,False
2018-03-01 04:47:48,0.007605973633323787,0.03518939953769464,False
2018-03-01 07:43:10,0.009638569081694748,0.03518939953769464,False
2018-03-03 19:24:55,0.00927910581157822,0.03518939953769464,False
2018-03-03 21:50:49,0.00742854310347939,0.03518939953769464,False
2018-03-06 20:22:45,0.008837568997430456,0.03518939953769464,False
2018-03-07 00:54:36,0.0069936548085191615,0.03518939953769464,False
2018-03-07 18:57:52,0.005091578876221947,0.03518939953769464,False
2018-03-08 21:16:20,0.008312609051051323,0.03518939953769464,False
2018-03-13 14:30:07,0.010513516792106426,0.03518939953769464,False
2018-03-14 06:28:09,0.012795648639234446,0.03518939953769464,False
2018-03-15 14:21:27,0.011866650098990229,0.03518939953769464,False
2018-03-17 21:21:32,0.020272409020326086,0.03518939953769464,False
2018-03-19 11:45:39,0.013123840708969015,0.03518939953769464,False
2018-03-19 12:07:25,0.015432346215424863,0.03518939953769464,False
2018-03-21 07:00:49,0.01559417434265567,0.03518939953769464,False
2018-03-22 13:20:57,0.011643269444041066,0.03518939953769464,False
2018-03-22 21:44:19,0.012686810439968842,0.03518939953769464,False
2018-03-23 16:53:06,0.011703133882698624,0.03518939953769464,False
2018-03-25 11:02:11,0.019327757553219048,0.03518939953769464,False
2018-03-30 01:38:24,0.012036427960445444,0.03518939953769464,False
2018-03-31 17:37:54,0.01851717842596759,0.03518939953769464,False
2018-03-31 19:09:27,0.00943102051905822,0.03518939953769464,False
2018-03-31 23:10:38,0.010381492317996854,0.03518939953769464,False
2018-04-04 19:15:43,0.005588716687613837,0.03518939953769464,False
2018-04-06 14:44:52,0.005981260953117851,0.03518939953769464,False
2018-04-08 02:57:34,0.005931651591222414,0.03518939953769464,False
2018-04-09 05:30:20,0.007492976455543449,0.03518939953769464,False
2018-04-10 15:59:29,0.01907372114592624,0.03518939953769464,False
2018-04-11 07:52:43,0.016523603395846603,0.03518939953769464,False
2018-04-11 09:42:12,0.026694957174321514,0.03518939953769464,False
2018-04-11 21:16:27,0.01824266864136448,0.03518939953769464,False
2018-04-12 13:53:46,0.021421931140136963,0.03518939953769464,False
2018-04-12 14:25:00,0.019101180591086776,0.03518939953769464,False
2018-04-13 10:52:35,0.016472887264424984,0.03518939953769464,False
2018-04-17 00:52:36,0.004575821312571227,0.03518939953769464,False
2018-04-19 22:33:42,0.004081210942021396,0.03518939953769464,False
2018-04-20 13:06:28,0.008727987730496944,0.03518939953769464,False
2018-04-20 22:00:54,0.00894910960497296,0.03518939953769464,False
2018-04-21 04:58:57,0.013327527933514749,0.03518939953769464,False
2018-04-21 05:04:25,0.013526191084142996,0.03518939953769464,False
2018-04-23 12:13:04,0.012684512483648085,0.03518939953769464,False
2018-04-24 06:27:57,0.008012237675570466,0.03518939953769464,False
2018-04-24 12:45:20,0.00862795497703005,0.03518939953769464,False
2018-04-25 06:08:49,0.005767009327383388,0.03518939953769464,False
2018-04-26 05:49:09,0.017393807871470483,0.03518939953769464,False
2018-04-28 04:11:14,0.022152989011992662,0.03518939953769464,False
2018-05-01 17:40:50,0.019306886987748118,0.03518939953769464,False
2018-05-04 06:41:12,0.012874385688162326,0.03518939953769464,False
2018-05-05 23:23:03,0.010741628267120228,0.03518939953769464,False
2018-05-06 02:09:37,0.010375645956930774,0.03518939953769464,False
2018-05-06 04:31:34,0.019487948438146475,0.03518939953769464,False
2018-05-07 00:45:46,0.017108028342835764,0.03518939953769464,False
2018-05-10 14:37:47,0.009005004901797092,0.03518939953769464,False
2018-05-11 18:26:33,0.01570887063302869,0.03518939953769464,False
2018-05-12 10:49:12,0.017433479936688444,0.03518939953769464,False
2018-05-15 02:05:58,0.02347796140985011,0.03518939953769464,False
2018-05-18 17:04:24,0.010630764897170797,0.03518939953769464,False
2018-05-20 08:52:42,0.017907611607701455,0.03518939953769464,False
2018-05-22 02:00:41,0.011160840633050773,0.03518939953769464,False
2018-05-24 00:11:42,0.014508566100417198,0.03518939953769464,False
2018-05-25 08:19:11,0.010948339186517386,0.03518939953769464,False
2018-05-27 14:34:30,0.009473592765976346,0.03518939953769464,False
2018-05-29 16:57:32,0.007123831773946576,0.03518939953769464,False
2018-05-30 13:47:26,0.008176644514636256,0.03518939953769464,False
2018-05-31 03:07:04,0.012204105942694988,0.03518939953769464,False
2018-06-01 08:38:43,0.009774144876060709,0.03518939953769464,False
2018-06-01 19:30:11,0.007991810633468866,0.03518939953769464,False
2018-06-06 18:21:55,0.01322307178813692,0.03518939953769464,False
2018-06-09 20:42:54,0.011561740630177637,0.03518939953769464,False
2018-06-10 00:42:59,0.006474792829788467,0.03518939953769464,False
2018-06-12 20:04:02,0.0033951855979071966,0.03518939953769464,False
2018-06-13 07:21:22,0.008823870222731617,0.03518939953769464,False
2018-06-18 20:38:43,0.008323458503889474,0.03518939953769464,False
2018-06-21 15:17:29,0.005888397979259008,0.03518939953769464,False
2018-06-22 02:24:59,0.004434950034634904,0.03518939953769464,False
2018-06-25 11:39:32,0.006614909494653376,0.03518939953769464,False
2018-06-26 15:16:42,0.008596797305630687,0.03518939953769464,False
2018-06-28 13:09:02,0.007546192765970061,0.03518939953769464,False
2018-06-29 15:40:59,0.0063989888896378135,0.03518939953769464,False
2018-07-01 09:39:28,0.01022791878956979,0.03518939953769464,False
2018-07-02 12:16:19,0.007061692669562492,0.03518939953769464,False
2018-07-04 11:00:51,0.015471640505803814,0.03518939953769464,False
2018-07-09 00:43:25,0.02001553577444389,0.03518939953769464,False
2018-07-11 13:42:44,0.012484753509143392,0.03518939953769464,False
2018-07-13 18:16:31,0.010492135278327125,0.03518939953769464,False
2018-07-14 14:43:48,0.010067356697204016,0.03518939953769464,False
2018-07-14 20:15:28,0.00930933625677428,0.03518939953769464,False
2018-07-15 19:38:31,0.009098411426851138,0.03518939953769464,False
2018-07-16 04:20:14,0.010552768852829486,0.03518939953769464,False
2018-07-18 11:39:16,0.008900138421471405,0.03518939953769464,False
2018-07-20 03:55:19,0.006846972350641622,0.03518939953769464,False
2018-07-20 15:03:58,0.0058119203280446955,0.03518939953769464,False
2018-07-20 19:41:43,0.008102780872385428,0.03518939953769464,False
2018-07-23 20:02:57,0.006608274551323878,0.03518939953769464,False
2018-07-23 23:20:34,0.006339400212361046,0.03518939953769464,False
2018-07-26 04:40:29,0.007868602610073406,0.03518939953769464,False
2018-07-26 23:30:31,0.005968598348600751,0.03518939953769464,False
2018-07-27 04:18:07,0.006040294147321035,0.03518939953769464,False
2018-07-27 19:33:59,0.006051013741071576,0.03518939953769464,False
2018-07-30 12:09:26,0.0075968485659451464,0.03518939953769464,False
2018-08-01 00:00:58,0.008947688809955534,0.03518939953769464,False
2018-08-01 01:44:50,0.008857301471977608,0.03518939953769464,False
2018-08-01 11:01:41,0.006731246013139058,0.03518939953769464,False
2018-08-03 14:12:43,0.006068400129986479,0.03518939953769464,False
2018-08-08 04:07:40,0.004294501213751517,0.03518939953769464,False
2018-08-08 04:42:14,0.005799119877211395,0.03518939953769464,False
2018-08-11 03:15:06,0.007308869611880436,0.03518939953769464,False
2018-08-11 13:30:29,0.004991995120811943,0.03518939953769464,False
2018-08-20 10:39:32,0.004237200248735013,0.03518939953769464,False
2018-08-21 11:29:49,0.008362311143771079,0.03518939953769464,False
2018-08-22 10:26:08,0.009129768696033241,0.03518939953769464,False
2018-08-26 16:40:48,0.014137285338680078,0.03518939953769464,False
2018-08-30 05:21:08,0.012233026256476548,0.03518939953769464,False
2018-08-30 15:36:08,0.017628358304230436,0.03518939953769464,False
2018-08-31 01:43:17,0.004220566403930292,0.03518939953769464,False
2018-08-31 21:40:32,0.008372752932544903,0.03518939953769464,False
2018-09-01 23:09:38,0.005291277114307658,0.03518939953769464,False
2018-09-01 23:31:31,0.005308881282819894,0.03518939953769464,False
2018-09-04 07:28:38,0.0066870700623094135,0.03518939953769464,False
2018-09-10 02:34:12,0.0034991179919840465,0.03518939953769464,False
2018-09-11 12:57:01,0.005926048531151418,0.03518939953769464,False
2018-09-16 04:21:01,0.009326750512053361,0.03518939953769464,False
2018-09-16 05:04:46,0.006419045916257216,0.03518939953769464,False
2018-09-16 22:06:51,0.005050261115967203,0.03518939953769464,False
2018-09-18 09:02:10,0.008666683453901636,0.03518939953769464,False
2018-09-18 12:36:24,0.008604659650390794,0.03518939953769464,False
2018-09-20 01:18:33,0.007477899563179719,0.03518939953769464,False
2018-09-20 02:31:33,0.005830874605442177,0.03518939953769464,False
2018-09-22 23:07:04,0.006931054635896866,0.03518939953769464,False
2018-09-24 02:36:58,0.007503906566012536,0.03518939953769464,False
2018-09-26 06:42:13,0.00905726371959611,0.03518939953769464,False
2018-09-26 10:00:36,0.01161686508333254,0.03518939953769464,False
2018-09-26 13:15:22,0.012606801548155222,0.03518939953769464,False
2018-09-28 08:03:26,0.010474492337484676,0.03518939953769464,False
2018-09-29 08:04:35,0.018136497883103488,0.03518939953769464,False
2018-09-30 23:43:28,0.007867806997184913,0.03518939953769464,False
2018-10-02 21:35:17,0.019571294673520694,0.03518939953769464,False
2018-10-05 16:36:41,0.012945661977617267,0.03518939953769464,False
2018-10-08 02:40:28,0.0106407433559634,0.03518939953769464,False
2018-10-08 11:01:54,0.004900608471187606,0.03518939953769464,False
2018-10-16 06:40:17,0.009706502018896501,0.03518939953769464,False
2018-10-16 12:36:44,0.01158639936739761,0.03518939953769464,False
2018-10-18 02:56:24,0.012378966426472588,0.03518939953769464,False
2018-10-18 07:37:08,0.010528586329523425,0.03518939953769464,False
2018-10-24 13:19:54,0.005012883907882149,0.03518939953769464,False
2018-10-26 07:12:11,0.004839815818574589,0.03518939953769464,False
2018-10-28 05:39:43,0.004490454678560285,0.03518939953769464,False
2018-10-28 10:53:32,0.00919953002750733,0.03518939953769464,False
2018-10-30 02:55:10,0.013024208426025552,0.03518939953769464,False
2018-11-04 20:43:14,0.014534926659949354,0.03518939953769464,False
2018-11-07 19:45:04,0.005178195860188861,0.03518939953769464,False
2018-11-09 05:07:30,0.013682306011190637,0.03518939953769464,False
2018-11-13 19:21:48,0.012128871921353802,0.03518939953769464,False
2018-11-14 08:14:21,0.008385102372009234,0.03518939953769464,False
2018-11-22 18:13:26,0.006673020693274417,0.03518939953769464,False
2018-11-25 17:51:43,0.006958908260213942,0.03518939953769464,False
2018-11-26 03:48:50,0.007554631503382864,0.03518939953769464,False
2018-11-28 20:05:49,0.013063658499569314,0.03518939953769464,False
2018-11-29 02:44:29,0.009439491714263597,0.03518939953769464,False
2018-12-03 14:19:58,0.005859090603801892,0.03518939953769464,False
2018-12-06 06:44:10,0.010605738112695745,0.03518939953769464,False
2018-12-07 09:20:46,0.008891929182004404,0.03518939953769464,False
2018-12-11 04:17:33,0.005556697385125697,0.03518939953769464,False
2018-12-11 22:02:27,0.007629226153875707,0.03518939953769464,False
2018-12-14 00:35:50,0.006920197734627665,0.03518939953769464,False
2018-12-15 10:54:58,0.00942482177485603,0.03518939953769464,False
2018-12-16 21:01:29,0.0059576470743725515,0.03518939953769464,False
2018-12-17 21:41:51,0.005209481921997644,0.03518939953769464,False
2018-12-18 23:39:14,0.008407948009354326,0.03518939953769464,False
2018-12-19 19:52:16,0.006384218646061535,0.03518939953769464,False
2018-12-25 10:00:45,0.007657080386278059,0.03518939953769464,False
2018-12-25 23:04:39,0.006913286130294427,0.03518939953769464,False
2018-12-26 04:50:39,0.011241218889242044,0.03518939953769464,False
2018-12-28 12:45:18,0.009913895937318085,0.03518939953769464,False
2018-12-29 02:16:36,0.00792032793844476,0.03518939953769464,False
2018-12-30 03:26:56,0.004834544537378293,0.03518939953769464,False
2019-01-02 15:21:15,0.0057552255450484145,0.03518939953769464,False
2019-01-03 10:59:57,0.00957079084078214,0.03518939953769464,False
2019-01-04 13:16:15,0.011842304013024352,0.03518939953769464,False
2019-01-07 01:05:13,0.00846122089335274,0.03518939953769464,False
2019-01-09 19:01:38,0.009854964412326117,0.03518939953769464,False
2019-01-10 10:15:24,0.0155048538149478,0.03518939953769464,False
2019-01-10 13:35:54,0.00810975438990449,0.03518939953769464,False
2019-01-11 07:50:38,0.009791292342602143,0.03518939953769464,False
2019-01-13 09:40:04,0.011254432712453572,0.03518939953769464,False
2019-01-15 12:23:14,0.008946558068964477,0.03518939953769464,False
2019-01-15 14:24:00,0.011264715137936277,0.03518939953769464,False
2019-01-15 14:54:32,0.0071586079411428746,0.03518939953769464,False
2019-01-15 16:41:51,0.009127357131429276,0.03518939953769464,False
2019-01-19 18:34:05,0.005261209724643212,0.03518939953769464,False
2019-01-20 01:11:59,0.009568621188133425,0.03518939953769464,False
2019-01-21 01:56:26,0.010390179560495733,0.03518939953769464,False
2019-01-24 10:46:41,0.004771751174290867,0.03518939953769464,False
2019-01-24 11:44:30,0.005096886607062373,0.03518939953769464,False
2019-01-30 03:44:39,0.008842444313901483,0.03518939953769464,False
2019-01-30 22:07:51,0.005642170509146843,0.03518939953769464,False
2019-01-31 21:29:59,0.009291309055947577,0.03518939953769464,False
2019-01-31 22:58:11,0.012930172759129005,0.03518939953769464,False
2019-02-01 00:41:32,0.008749301437974394,0.03518939953769464,False
2019-02-02 20:38:02,0.005475243888458331,0.03518939953769464,False
2019-02-04 08:25:57,0.010141735995413648,0.03518939953769464,False
2019-02-04 09:16:55,0.014863753785157374,0.03518939953769464,False
2019-02-04 10:08:14,0.011539742402056052,0.03518939953769464,False
2019-02-06 07:25:03,0.018418629921707362,0.03518939953769464,False
2019-02-06 10:54:03,0.007783379846745131,0.03518939953769464,False
2019-02-11 10:11:55,0.007009823039562146,0.03518939953769464,False
2019-02-14 08:47:06,0.009839573782588429,0.03518939953769464,False
2019-02-18 01:13:25,0.011889428179382922,0.03518939953769464,False
2019-02-18 23:56:26,0.006542695346803629,0.03518939953769464,False
2019-02-20 12:51:26,0.006079057712264857,0.03518939953769464,False
2019-02-25 23:13:59,0.0048268589799426945,0.03518939953769464,False
2019-02-26 14:39:01,0.004093189422956528,0.03518939953769464,False
2019-02-26 21:18:09,0.005249692329481598,0.03518939953769464,False
2019-02-27 12:37:41,0.00632588399055411,0.03518939953769464,False
2019-03-01 05:09:52,0.008537013352398221,0.03518939953769464,False
2019-03-01 14:45:43,0.007295315783210826,0.03518939953769464,False
2019-03-03 04:24:28,0.012580659200449923,0.03518939953769464,False
2019-03-03 17:40:42,0.01253231479269134,0.03518939953769464,False
2019-03-04 14:59:51,0.012092234166292687,0.03518939953769464,False
2019-03-07 02:29:22,0.009592490176558143,0.03518939953769464,False
2019-03-07 22:18:05,0.012218299480291978,0.03518939953769464,False
2019-03-08 07:36:23,0.011270215953240282,0.03518939953769464,False
2019-03-08 23:35:11,0.008574378427411943,0.03518939953769464,False
2019-03-11 07:03:36,0.009828323523761362,0.03518939953769464,False
2019-03-14 21:13:55,0.005784695800730849,0.03518939953769464,False
2019-03-15 15:44:47,0.0088246503700384,0.03518939953769464,False
2019-03-18 06:03:01,0.007254517200601956,0.03518939953769464,False
2019-03-18 12:18:07,0.021397066450910968,0.03518939953769464,False
2019-03-20 13:42:53,0.029872919069968112,0.03518939953769464,False
2019-03-20 20:01:24,0.021268950624835414,0.03518939953769464,False
2019-03-21 04:09:31,0.0234935245626365,0.03518939953769464,False
2019-03-22 20:05:57,0.024594315222764684,0.03518939953769464,False
2019-03-23 02:31:46,0.015205177566566752,0.03518939953769464,False
2019-03-26 04:27:38,0.017078718057546072,0.03518939953769464,False
2019-03-27 02:33:40,0.007473960182562073,0.03518939953769464,False
2019-03-28 10:51:20,0.008556021702043688,0.03518939953769464,False
2019-03-28 22:59:57,0.005918591995247746,0.03518939953769464,False
2019-03-29 05:32:11,0.006489515215766806,0.03518939953769464,False
2019-03-29 15:47:22,0.008684242928794416,0.03518939953769464,False
2019-03-31 12:39:38,0.008263133701603087,0.03518939953769464,False
2019-03-31 19:48:15,0.02184991314650836,0.03518939953769464,False
2019-04-01 06:07:51,0.07451787263795723,0.03518939953769464,True
2019-04-03 12:03:50,0.058595991423593896,0.03518939953769464,True
2019-04-04 03:46:48,0.09068277724864544,0.03518939953769464,True
2019-04-04 07:58:50,0.07587038813852691,0.03518939953769464,True
2019-04-08 23:25:09,0.07318535409919777,0.03518939953769464,True
2019-04-09 22:41:59,0.0682505141282304,0.03518939953769464,True
2019-04-15 14:27:02,0.03645331071250236,0.03518939953769464,True
2019-04-16 05:43:59,0.015153925568657295,0.03518939953769464,False
2019-04-16 19:13:47,0.024703899639710925,0.03518939953769464,False
2019-04-16 23:15:06,0.015185054817879646,0.03518939953769464,False
2019-04-18 16:00:55,0.015290497876117476,0.03518939953769464,False
2019-04-20 00:04:38,0.008187323080892994,0.03518939953769464,False
2019-04-25 00:14:49,0.00877404621749422,0.03518939953769464,False
2019-04-26 10:54:27,0.010830860580314822,0.03518939953769464,False
2019-04-28 09:38:00,0.004105538600251918,0.03518939953769464,False
2019-04-28 17:45:02,0.013842824055092778,0.03518939953769464,False
2019-04-29 08:14:27,0.014331058042076872,0.03518939953769464,False
2019-05-03 22:22:52,0.013340495523292278,0.03518939953769464,False
2019-05-04 08:37:03,0.012664985410331609,0.03518939953769464,False
2019-05-04 12:43:21,0.010206112090309638,0.03518939953769464,False
2019-05-04 16:47:31,0.007536821428644524,0.03518939953769464,False
2019-05-06 06:24:35,0.0076985017857670755,0.03518939953769464,False
2019-05-06 16:53:32,0.007365368480399692,0.03518939953769464,False
2019-05-08 17:50:41,0.009558411631775222,0.03518939953769464,False
2019-05-08 20:45:14,0.008533116630541326,0.03518939953769464,False
2019-05-09 09:14:47,0.008091511981863687,0.03518939953769464,False
2019-05-11 22:17:26,0.010469304076409336,0.03518939953769464,False
2019-05-14 00:32:40,0.007240626499129266,0.03518939953769464,False
2019-05-15 22:00:17,0.014229011658124829,0.03518939953769464,False
2019-05-16 02:28:20,0.010525391037930865,0.03518939953769464,False
2019-05-16 04:50:34,0.007905967066420033,0.03518939953769464,False
2019-05-17 06:28:03,0.009204088778642344,0.03518939953769464,False
2019-05-20 22:32:59,0.014237800166775689,0.03518939953769464,False
2019-05-21 11:26:38,0.015745555547765678,0.03518939953769464,False
2019-05-22 09:44:06,0.01650270878561704,0.03518939953769464,False
2019-05-22 10:47:12,0.012794319688535028,0.03518939953769464,False
2019-05-22 14:16:56,0.009808531262084775,0.03518939953769464,False
2019-05-22 19:40:39,0.014430438001603013,0.03518939953769464,False
2019-05-23 03:10:47,0.008422931646749354,0.03518939953769464,False
2019-05-27 14:21:23,0.007032278431841404,0.03518939953769464,False
2019-05-28 19:59:52,0.006105892394375872,0.03518939953769464,False
2019-05-29 11:06:35,0.007448990941933226,0.03518939953769464,False
2019-05-29 12:12:15,0.009390875780727882,0.03518939953769464,False
2019-05-30 00:02:35,0.006860080954284492,0.03518939953769464,False
2019-06-01 20:49:24,0.0067216835240117845,0.03518939953769464,False
2019-06-02 06:13:08,0.0072043363921026945,0.03518939953769464,False
2019-06-02 08:46:27,0.006303810691855966,0.03518939953769464,False
2019-06-03 07:07:45,0.012251036437556661,0.03518939953769464,False
2019-06-09 11:54:06,0.007871249231573152,0.03518939953769464,False
2019-06-09 21:36:55,0.01129799852251025,0.03518939953769464,False
2019-06-11 03:34:10,0.0066941911059239245,0.03518939953769464,False
2019-06-13 03:31:40,0.005876382190278501,0.03518939953769464,False
2019-06-16 16:38:02,0.007150763122408777,0.03518939953769464,False
2019-06-17 13:15:06,0.008190107482334863,0.03518939953769464,False
2019-06-18 21:14:45,0.00464811809646315,0.03518939953769464,False
2019-06-19 00:32:09,0.006355403490926698,0.03518939953769464,False
2019-06-19 07:02:42,0.00885856827045638,0.03518939953769464,False
2019-06-20 16:19:30,0.0072206074731121506,0.03518939953769464,False
2019-06-26 21:50:57,0.0052777959339896045,0.03518939953769464,False
2019-06-29 01:17:16,0.011075316174477,0.03518939953769464,False
2019-07-01 16:31:40,0.015250283340221372,0.03518939953769464,False
2019-07-03 23:52:43,0.009522958735144627,0.03518939953769464,False
2019-07-05 09:56:31,0.009531204428943053,0.03518939953769464,False
2019-07-06 20:17:08,0.009878485155815315,0.03518939953769464,False
2019-07-07 09:51:08,0.006617404506120467,0.03518939953769464,False
2019-07-08 12:21:53,0.004250306255334829,0.03518939953769464,False
2019-07-10 13:18:16,0.008116581365612618,0.03518939953769464,False
2019-07-10 15:37:52,0.00793787923462812,0.03518939953769464,False
2019-07-10 17:19:17,0.006403956513186338,0.03518939953769464,False
2019-07-10 18:33:34,0.009239836771269794,0.03518939953769464,False
2019-07-12 04:21:53,0.011675329031307413,0.03518939953769464,False
2019-07-12 10:20:53,0.009377598678001193,0.03518939953769464,False
2019-07-14 09:00:31,0.008634948389328156,0.03518939953769464,False
2019-07-15 10:28:24,0.011438477021050664,0.03518939953769464,False
2019-07-16 15:05:50,0.010501195702027033,0.03518939953769464,False
2019-07-17 01:45:02,0.007140814721270122,0.03518939953769464,False
2019-07-19 20:52:44,0.013278962003168998,0.03518939953769464,False
2019-07-20 16:00:54,0.0110848129466339,0.03518939953769464,False
2019-07-21 18:06:58,0.010161308348917385,0.03518939953769464,False
2019-07-25 00:47:24,0.005507080057349262,0.03518939953769464,False
2019-07-25 02:01:54,0.006298379218163075,0.03518939953769464,False
2019-07-26 09:20:42,0.009928009825717805,0.03518939953769464,False
2019-07-26 15:34:12,0.0063289452431647296,0.03518939953769464,False
2019-07-27 03:47:38,0.013019684459547903,0.03518939953769464,False
2019-07-30 03:37:11,0.018222292748236012,0.03518939953769464,False
2019-07-30 14:18:21,0.009254633350423725,0.03518939953769464,False
2019-07-30 14:26:31,0.02295924821638004,0.03518939953769464,False
2019-08-01 04:25:29,0.018375069295848624,0.03518939953769464,False
2019-08-02 08:10:43,0.02588306864809175,0.03518939953769464,False
2019-08-05 12:16:45,0.007042714632527652,0.03518939953769464,False
2019-08-05 18:57:55,0.01792050548515108,0.03518939953769464,False
2019-08-05 20:09:30,0.012087561842093386,0.03518939953769464,False
2019-08-07 18:32:15,0.01248811426055516,0.03518939953769464,False
2019-08-08 10:39:13,0.007200913556980682,0.03518939953769464,False
2019-08-08 22:09:22,0.009503329086084955,0.03518939953769464,False
2019-08-09 21:28:19,0.0071943346719695375,0.03518939953769464,False
2019-08-10 09:15:53,0.006826013382916119,0.03518939953769464,False
2019-08-10 16:45:06,0.007324892511050229,0.03518939953769464,False
2019-08-15 18:26:35,0.009178433426426635,0.03518939953769464,False
2019-08-17 00:30:26,0.008944909849406713,0.03518939953769464,False
2019-08-17 08:23:01,0.005060516312514573,0.03518939953769464,False
2019-08-18 06:25:15,0.009861552363368492,0.03518939953769464,False
2019-08-19 23:20:54,0.015076344990146429,0.03518939953769464,False
2019-08-21 05:12:47,0.03268149341924882,0.03518939953769464,False
2019-08-22 04:53:26,0.017140018033613647,0.03518939953769464,False
2019-08-22 08:56:24,0.019244928928392857,0.03518939953769464,False
2019-08-23 17:39:03,0.006420706544323129,0.03518939953769464,False
2019-08-23 21:41:48,0.01677149761494867,0.03518939953769464,False
2019-08-24 12:50:56,0.022042609067759723,0.03518939953769464,False
2019-08-24 19:19:14,0.011296351244629826,0.03518939953769464,False
2019-08-25 03:26:25,0.015011527978983868,0.03518939953769464,False
2019-08-25 16:24:54,0.022181035304774704,0.03518939953769464,False
2019-08-27 15:19:16,0.016418532916829487,0.03518939953769464,False
2019-08-27 18:53:30,0.016535069980349093,0.03518939953769464,False
2019-08-28 09:34:09,0.014206741869736545,0.03518939953769464,False
2019-08-28 10:58:46,0.014260490520889495,0.03518939953769464,False
2019-09-02 18:38:34,0.024274734552732307,0.03518939953769464,False
2019-09-04 10:59:58,0.013364627568959475,0.03518939953769464,False
2019-09-06 11:16:22,0.019935150862893804,0.03518939953769464,False
2019-09-09 10:17:36,0.012166140408141023,0.03518939953769464,False
2019-09-10 18:15:43,0.012892016421175056,0.03518939953769464,False
2019-09-11 08:41:47,0.006048960651848334,0.03518939953769464,False
2019-09-11 08:48:16,0.01126383028767861,0.03518939953769464,False
2019-09-11 13:56:01,0.010692795139283551,0.03518939953769464,False
